player_name,events_played,wins,x_wins,x_wins_majors,rounds_played,shotlink_played,putt_true,arg_true,app_true,ott_true,t2g_true,total_true
"Westwood, Lee",19,2,2.395,0.796,72,26,0.4810392307692307,-0.11481384615384616,0.6210138461538462,0.7674080769230769,1.2736080769230769,2.4734088888888888
"Donald, Luke",26,1,1.865,0.001,96,53,0.9510567924528303,0.5000311320754717,0.8124715094339623,-0.41942226415094336,0.8930803773584906,1.8921351041666667
"Stricker, Steve",19,2,1.8330000000000002,0,76,56,0.5308930357142857,0.46708589285714286,0.9498389285714286,0.3067273214285714,1.723652142857143,1.8738207894736842
"McDowell, Graeme",27,4,1.881,0.182,99,18,0.1599938888888889,-0.12571944444444444,0.8124838888888889,0.5536266666666667,1.2403911111111112,1.8276069696969697
"Casey, Paul",24,0,0.624,0.013,90,44,0.9348079545454545,-0.05957386363636363,0.6946047727272728,0.3495927272727273,0.9846236363636365,1.7588774444444444
"Kuchar, Matt",26,1,0.46099999999999997,0.013999999999999999,99,75,0.7013330666666667,0.3595572,0.4593138666666667,0.2313316,1.0502026666666668,1.7321159595959597
"Kaymer, Martin",24,4,1.5559999999999998,0.109,86,16,-0.42895625000000004,0.130194375,0.909821875,0.248775,1.28879125,1.711572906976744
"Woods, Tiger",15,0,0.859,0.427,57,29,0.05969931034482758,-0.048250689655172416,0.6755941379310345,-0.06776103448275864,0.5595824137931035,1.6548222807017545
"Mickelson, Phil",23,1,0.506,0.996,86,57,-0.07018701754385964,0.263660350877193,0.9078008771929824,0.2993638596491228,1.470825087719298,1.639809534883721
"Molinari, Francesco",27,1,1.47,0,101,12,0.44912833333333335,-0.034590000000000024,1.3786699999999998,0.30575416666666666,1.6498341666666665,1.5870659405940593
"Furyk, Jim",21,3,1.0790000000000002,0,78,60,0.47554966666666665,0.40540299999999996,0.8001931666666666,0.24396333333333334,1.4495595,1.5810278205128205
"McIlroy, Rory",26,1,1.381,0.06,96,40,-0.16343224999999997,0.005228000000000012,0.43051199999999995,0.808263,1.244003,1.5360002083333333
"Els, Ernie",28,2,1.654,0.043,101,55,0.39448309090909095,0.070926,0.8803780000000001,0.30343181818181814,1.2547358181818182,1.5041859405940592
"Goosen, Retief",25,0,0.492,0.005,97,53,0.7618622641509433,0.4254856603773585,0.32171037735849056,0.43116471698113207,1.1783607547169812,1.452560824742268
"Johnson, Dustin",24,2,0.922,0.027,90,63,0.1875546031746032,-0.14297174603174603,0.4473584126984127,0.8739998412698413,1.178386507936508,1.4001514444444445
"Choi, K.J.",27,0,0.56,0.407,102,61,0.11146196721311477,0.3011727868852459,0.6264329508196721,0.21695508196721314,1.144560819672131,1.3796420588235294
"Van Pelt, Bo",28,0,0.873,0,104,87,0.14061344827586209,0.12154287356321838,0.3448324137931035,0.7690047126436782,1.2353800000000001,1.3393271153846154
"Watney, Nick",25,0,0.07400000000000001,0.061,96,69,0.1863936231884058,-0.2694485507246377,0.6669982608695653,0.6931440579710145,1.0906937681159423,1.3044889583333334
"Hanson, Peter",22,2,0.07,0,84,12,-0.057345,0.7629958333333334,0.5863825,0.2777175,1.6270958333333336,1.276182142857143
"Harrington, Padraig",26,1,0.471,0,90,44,0.29388681818181817,0.38803750000000004,0.6077429545454546,-0.05364568181818183,0.9421347727272728,1.2746491111111111
"Rose, Justin",25,2,1.589,0,90,70,0.28871042857142853,0.46702242857142856,0.25653357142857147,0.38802571428571425,1.1115817142857143,1.1769806666666667
"Kim, K.T.",28,3,0.436,0,109,0,-9999,-9999,-9999,-9999,-9999,1.1555900917431192
"Schwartzel, Charl",26,1,0.464,0,96,20,0.947373,-0.1653645,-0.21422299999999997,0.33137000000000005,-0.04821749999999991,1.1543855208333333
"Clark, Tim",25,1,0.928,0.002,93,68,0.3297232352941176,0.02367838235294117,0.708085,0.03408264705882352,0.7658460294117646,1.139661935483871
"Kim, Daehyun",8,1,0.725,0,30,0,-9999,-9999,-9999,-9999,-9999,1.1359093333333334
"Cink, Stewart",23,0,0.076,0,84,65,0.2546330769230769,-0.08083076923076922,0.4231403076923077,0.5070804615384615,0.84939,1.1281434523809524
"Molinari, Edoardo",29,2,1.556,0,109,12,0.20424333333333333,0.36266166666666666,0.5225725,-0.2087858333333333,0.6764483333333333,1.116251743119266
"Scott, Adam",24,2,0.8,0,86,52,-0.6853394230769231,-0.0016550000000000091,1.328276923076923,0.5804390384615384,1.9070609615384613,1.1077711627906976
"Allenby, Robert",26,0,0.925,0,96,61,0.21174360655737706,-0.0005729508196721208,0.7645618032786885,0.4761560655737705,1.2401449180327868,1.1054196875
"Crane, Ben",24,1,0.281,0,86,66,0.31945181818181817,0.06010045454545455,0.4879757575757576,0.23780696969696968,0.7858831818181818,1.1045263953488373
"Mahan, Hunter",26,2,0.9189999999999999,0.027,92,67,0.12568880597014923,-0.09858328358208956,0.17807940298507463,0.7134949253731344,0.7929910447761195,1.09524
"Holmes, J.B.",27,0,0.251,0,102,88,0.07866761363636363,0.11459431818181819,0.07831897727272727,0.7523540909090909,0.9452673863636364,1.0930449019607842
"Poulter, Ian",23,2,0.897,0.006,81,34,0.30482088235294114,0.2651355882352941,-0.4763538235294118,0.010116470588235301,-0.20110176470588242,1.0896176543209877
"Ogilvy, Geoff",23,2,0.8069999999999999,0,80,50,0.4723802,0.08928739999999999,0.6860588,-0.024512799999999998,0.7508334,1.0656255
"Haas, Bill",26,2,0.192,0,91,75,-0.035181866666666665,0.020631333333333335,0.5907718666666667,0.49701106666666667,1.1084142666666668,1.0611717582417584
"Watson, Bubba",23,1,0.27,0.103,81,67,-0.032866268656716414,-0.1534517910447761,0.22607567164179104,0.852395671641791,0.9250195522388058,1.032972098765432
"Quiros, Alvaro",26,1,0.427,0.001,94,16,0.661718125,0.041316875,-0.31274375,0.69911125,0.427684375,1.0210878723404255
"Oosthuizen, Louis",25,2,0.43100000000000005,0.867,86,4,0.3702175,0.00188499999999997,0.7119800000000001,1.4244325,2.1382975,1.0169477906976745
"Fisher, Ross",25,1,0.8300000000000001,0,88,18,-0.5911916666666667,-0.12293055555555554,0.2986738888888889,0.6466516666666666,0.822395,1.0136862500000001
"Day, Jason",23,1,0.767,0.005,82,71,0.03706169014084507,0.46697436619718313,0.15861380281690138,0.3147949295774648,0.9403830985915493,0.9995041463414633
"Johnson, Zach",25,1,0.71,0.049,95,75,0.641396,-0.10504293333333335,0.3396458666666667,0.1938948,0.4284977333333333,0.951556947368421
"O'Hair, Sean",25,0,0.132,0.004,86,65,-0.03576030769230767,0.0837806153846154,0.29843169230769234,0.49722492307692306,0.8794372307692309,0.9421497674418604
"Moore, Ryan",23,0,0.502,0.001,79,61,0.37072032786885245,-0.06359639344262295,0.15677852459016392,0.5426642622950819,0.635846393442623,0.9017130379746836
"Villegas, Camilo",25,1,0.984,0.01,96,56,-0.32359678571428574,0.15092375,0.8956096428571428,0.2988798214285714,1.3454132142857143,0.8751713541666667
"Singh, Vijay",23,0,0.06999999999999999,0,76,57,-0.7015603508771929,0.16007859649122808,1.0709845614035087,0.4230717543859649,1.6541349122807019,0.8680117105263158
"Lehman, Tom",10,0,0,0,34,19,-0.38676052631578944,0.18217894736842105,0.599711052631579,0.4620947368421053,1.2439847368421053,0.8660067647058823
"Karlsson, Robert",25,2,1.183,0.001,89,22,-0.45747909090909095,0.22457590909090913,0.31217545454545453,-0.17166136363636364,0.36509,0.8409670786516854
"Jimenez, Miguel A",29,3,1.058,0.001,102,8,-0.20553875000000005,-0.09892499999999999,0.17388374999999995,0.19431375,0.26927249999999997,0.8219305882352942
"Na, Kevin",26,0,0.34099999999999997,0,97,76,0.5358382894736843,0.2908669736842105,0.3986023684210526,-0.2154309210526316,0.4740384210526315,0.8134940206185567
"Hoffman, Charley",24,1,1,0,85,77,0.10826311688311688,-0.07971285714285715,0.33725987012987013,0.64818,0.905727012987013,0.8093457647058823
"Fowler, Rickie",30,0,0.9580000000000001,0,104,83,0.1405144578313253,-0.1353432530120482,0.4384802409638554,0.4315244578313253,0.7346614457831325,0.8005136538461539
"Snedeker, Brandt",26,0,0.458,0.004,89,75,0.4738524,0.3077590666666667,0.10634426666666667,-0.2869628,0.12714053333333336,0.7995832584269662
"Watson, Tom",5,0,0.001,0,18,0,-9999,-9999,-9999,-9999,-9999,0.7876616666666667
"Green, Richard",23,1,0.061000000000000006,0,86,0,-9999,-9999,-9999,-9999,-9999,0.7711097674418604
"Toms, David",24,0,0.007,0.001,85,70,0.2615267142857143,0.05359342857142856,0.13376914285714286,0.24531057142857143,0.43267314285714287,0.7639945882352941
"Jones, Brendan",18,1,0.026000000000000002,0,65,0,-9999,-9999,-9999,-9999,-9999,0.7177127692307692
"Slocum, Heath",28,1,0.21500000000000002,0,107,73,-0.2149327397260274,0.1461268493150685,0.6319853424657533,0.2078349315068493,0.9859471232876711,0.7138752336448597
"Barnes, Ricky",28,0,0.32,0.006,103,83,0.039800722891566276,0.15249987951807228,0.6986025301204819,-0.2438089156626506,0.6072934939759036,0.7072534951456311
"Molder, Bryce",26,0,0.034,0.002,84,73,0.48586273972602734,0.20612534246575343,0.2543368493150685,-0.40670520547945205,0.05375698630136988,0.7059336904761905
"Overton, Jeff",26,0,0.448,0.001,89,71,0.4457611267605634,-0.0636894366197183,0.14209267605633805,0.277796338028169,0.35619957746478875,0.6957039325842697
"Jaidee, Thongchai",27,1,0.046000000000000006,0,92,10,0.15012600000000004,0.272153,-0.08074600000000003,0.362827,0.5542339999999999,0.690323152173913
"Cabrera, Angel",19,0,0.17200000000000001,0,67,51,-0.0686992156862745,-0.12897039215686273,0.1270413725490196,0.69808,0.6961509803921568,0.6878816417910448
"De Jonge, Brendon",32,0,0.096,0,114,91,0.0015573626373626527,-0.13511813186813187,0.716043956043956,0.13351703296703296,0.7144428571428572,0.6847933333333334
"Kim, Anthony",18,1,0.485,0.605,61,38,0.46941789473684215,0.24132894736842103,0.0844828947368421,-0.19936447368421054,0.12644736842105259,0.6754608196721311
"Jacobson, Freddie",24,0,0.04,0,83,77,0.24311350649350652,0.23366142857142858,0.3192579220779221,-0.06732805194805194,0.4855912987012987,0.6669090361445783
"Howell III, Charles",28,0,0.018,0,103,90,0.4348001111111111,0.30508944444444447,0.005185999999999983,-0.0896121111111111,0.22066333333333335,0.6589928155339806
"Yang, Y.E.",28,2,0.048,0.027,98,58,0.25455810344827584,-0.05128586206896552,-0.11379293103448278,0.4157522413793103,0.250673448275862,0.6503486734693877
"Senden, John",32,0,0.117,0,111,87,-0.14151632183908044,-0.0878916091954023,0.47035574712643674,0.36531482758620687,0.7477789655172413,0.6214927927927928
"Marino, Steve",25,0,0.034,0.001,83,63,0.27559698412698413,0.05745968253968255,0.03580142857142855,0.2998555555555556,0.39311666666666667,0.5986933734939759
"Wi, Charlie",27,0,0.074,0,95,89,0.5509864044943821,0.11392539325842696,0.2666247191011236,-0.3221820224719101,0.0583680898876405,0.5923582105263158
"Perry, Kenny",20,0,0.007,0,72,56,-0.20433285714285712,-0.09541982142857143,0.24213375000000004,0.6696373214285715,0.8163512500000001,0.5572306944444444
"Elkington, Steve",22,0,0,0.023,74,59,0.2806318644067797,0.006794067796610157,-0.28658203389830506,0.28858966101694916,0.008801694915254264,0.549245
"Trahan, D.J.",27,0,0.049,0,92,82,-0.4747071951219512,-0.1888059756097561,0.45857280487804875,0.6868346341463414,0.9566014634146341,0.5276234782608695
"Glover, Lucas",23,0,0.6,0,76,59,-0.07743389830508475,0.0138722033898305,0.23595406779661016,0.3496701694915254,0.599496440677966,0.5163568421052631
"Pavin, Corey",9,0,0.020999999999999998,0,31,23,1.1165973913043479,0.6787669565217391,0.1115182608695652,-0.6443478260869565,0.1459373913043478,0.5154516129032258
"Leonard, Justin",26,0,0.002,0.001,88,72,0.1909155555555556,0.23573680555555557,0.3327976388888889,-0.17718861111111112,0.3913458333333334,0.5076657954545455
"Bae, Sangmoon",17,1,0.62,0,64,0,-9999,-9999,-9999,-9999,-9999,0.5022171875
"Gillis, Tom",27,0,0.437,0,97,90,0.3305461111111111,0.18885488888888888,-0.3389462222222222,0.30774477777777776,0.15765344444444443,0.4957775257731959
"Perez, Pat",27,0,0.004,0,90,83,0.37276903614457835,0.18432481927710842,-0.00881409638554217,-0.017878192771084333,0.15763253012048192,0.4928848888888889
"Kang, Kyungnam",7,0,0.005,0,25,0,-9999,-9999,-9999,-9999,-9999,0.4876488
"Fdez-Castano, Gonzalo",28,0,0.096,0,95,4,0.052004999999999996,-0.11668499999999996,0.049612500000000004,0.63402,0.5669475000000002,0.4770311578947368
"Ames, Stephen",22,0,0.007,0,74,69,0.38979289855072463,0.1265285507246377,0.09003000000000001,0.018463043478260877,0.2350215942028986,0.4748009459459459
"Bourdy, Gregory",28,0,0.005,0,108,4,0.1300675,-0.5970149999999999,-0.30124500000000004,-0.47329249999999995,-1.3715525,0.4636559259259259
"Hansen, Anders",27,0,0.038000000000000006,0,96,6,-0.18844000000000002,-0.34699166666666664,0.8396433333333332,-0.22623833333333332,0.2664133333333332,0.4591014583333333
"Gallacher, Stephen",29,0,0.165,0,103,0,-9999,-9999,-9999,-9999,-9999,0.45538097087378643
"Verplank, Scott",21,0,0.047,0,73,56,0.08689250000000001,0.004400892857142851,0.5526332142857143,-0.06516089285714285,0.4918732142857143,0.4536786301369862
"Wood, Chris",26,0,0.098,0,86,2,-0.189195,-0.535585,-1.27338,1.145345,-0.6636199999999999,0.45159337209302325
"Donaldson, Jamie",26,0,0.019000000000000003,0,90,0,-9999,-9999,-9999,-9999,-9999,0.4354307777777778
"Ishikawa, Ryo",33,3,0.049,0,118,15,0.38975666666666664,-0.5140473333333333,-0.16685466666666668,0.11529933333333335,-0.5656026666666666,0.43306322033898303
"Manassero, Matteo",23,1,0.179,0,90,0,-9999,-9999,-9999,-9999,-9999,0.42911366666666667
"McGrane, Damien",31,0,0.018000000000000002,0,109,0,-9999,-9999,-9999,-9999,-9999,0.4243235779816514
"Sterne, Richard",5,0,0.001,0,20,0,-9999,-9999,-9999,-9999,-9999,0.4236555
"Noh, Seung-Yul",26,1,0.045000000000000005,0,90,4,-0.42271250000000005,-0.416025,-1.3566975000000001,0.29527749999999997,-1.477445,0.4230324444444445
"Gay, Brian",29,0,0.016,0,98,82,0.7420423170731707,0.22724780487804877,0.18488914634146342,-0.589240487804878,-0.17710353658536584,0.41563173469387754
"Sutherland, Kevin",25,0,0.002,0,86,78,-0.10575089743589743,0.2867074358974359,0.023335769230769226,0.1588698717948718,0.46891307692307693,0.4129120930232558
"Pettersson, Carl",30,1,0.04,0,103,83,0.8139561445783132,0.05983469879518072,-0.15908253012048193,-0.20621469879518076,-0.30546253012048197,0.40968776699029125
"Luiten, Joost",26,0,0.010000000000000002,0,100,0,-9999,-9999,-9999,-9999,-9999,0.404491
"Dyson, Simon",28,0,0.097,0.002,93,12,-0.26227333333333336,-0.35975333333333337,-0.12174499999999998,-0.04988916666666668,-0.5313875,0.40242032258064514
"Levin, Spencer",31,0,0.017,0,110,98,0.09544418367346938,-0.0633511224489796,0.3598920408163266,0.0070820408163265285,0.3036229591836735,0.40166263636363636
"Derksen, Robert-Jan",28,0,0.006,0,94,0,-9999,-9999,-9999,-9999,-9999,0.4013247872340426
"Lawrie, Peter",29,0,0.016,0,102,0,-9999,-9999,-9999,-9999,-9999,0.3954857843137255
"Jones, Matt",29,0,0.013000000000000001,0,95,80,0.512242375,0.310616625,-0.22174387499999998,-0.141848375,-0.05297562499999997,0.3853350526315789
"Ikeda, Yuta",32,4,0.379,0,111,19,0.22248105263157897,-0.3398342105263158,-0.31185999999999997,-0.054850526315789475,-0.7065447368421052,0.3819963063063063
"Byrd, Jonathan",26,1,0.028,0,85,82,0.006042560975609752,0.33234231707317075,0.0019409756097560917,0.04305829268292683,0.37734158536585366,0.37988
"Liang, WC",25,2,0.006,0.01,91,10,0.25094500000000003,0.25627300000000003,-0.249681,0.319171,0.325763,0.3660149450549451
"Kirk, Chris",22,2,0.013000000000000001,0,79,4,0.9460875,0.0802675,-0.25257000000000007,0.1835225,0.011219999999999938,0.36160126582278485
"Palmer, Ryan",28,1,0.7370000000000001,0,88,71,0.45545366197183096,-0.33449915492957744,0.04519985915492957,0.19453422535211268,-0.09476507042253518,0.3584579545454545
"Couples, Fred",8,0,0,0.122,24,18,-0.12844611111111112,-0.02900777777777778,-0.23319555555555554,0.2341527777777778,-0.028050555555555533,0.35707375
"Fujita, Hiroyuki",31,2,0.117,0,109,2,-2.63402,0.012929999999999997,-2.48124,-0.635995,-3.104305,0.3446494495412844
"Leishman, Marc",28,0,0.036,0,95,72,-0.13402805555555558,0.07217944444444445,0.4494104166666667,0.08280652777777778,0.6043963888888889,0.33880600000000005
"Campbell, Chad",26,0,0.004,0,93,81,-0.13503777777777778,0.012194567901234563,0.5485279012345678,0.04779333333333334,0.6085158024691357,0.33090602150537635
"Kjeldsen, Soren",28,0,0.016,0,97,8,0.43565625,-0.2282725,0.68878,-0.5909125000000001,-0.1304050000000001,0.33050350515463917
"Streelman, Kevin",28,0,0.065,0,90,80,0.044217749999999986,-0.166745,-0.23634724999999998,0.478751375,0.075659125,0.3291371111111111
"Laird, Martin",28,0,0.271,0,99,79,-0.26474050632911394,-0.03371303797468354,0.22760569620253165,0.4100379746835443,0.6039306329113925,0.3046529292929293
"Taylor, Vaughn",26,0,0.258,0,87,79,-0.07554860759493669,0.016217721518987354,0.302509746835443,0.045573797468354424,0.3643012658227848,0.30277954022988507
"Dufner, Jason",25,0,0.001,0.023,87,69,-0.5936542028985506,-0.0027149275362318807,0.20746014492753628,0.44541028985507247,0.6501555072463768,0.2898395402298851
"Ridings, Tag",28,0,0,0,100,4,-0.3473925,-0.5193099999999999,1.1305225,0.72773,1.3389425000000001,0.2878252
"Rollins, John",26,0,0.009000000000000001,0,81,75,-0.2330482666666667,0.2034224,-0.11853013333333334,0.5278897333333333,0.6127819999999999,0.2832083950617284
"Hed, Fredrik Andersson",26,1,0.08299999999999999,0,87,0,-9999,-9999,-9999,-9999,-9999,0.2785555172413793
"Jacquelin, Raphael",29,0,0.276,0,98,0,-9999,-9999,-9999,-9999,-9999,0.27701326530612247
"Mathis, David",23,1,0.003,0,75,0,-9999,-9999,-9999,-9999,-9999,0.27608453333333327
"Willett, Danny",22,0,0.523,0,77,0,-9999,-9999,-9999,-9999,-9999,0.26755753246753244
"Clarke, Darren",26,0,0.479,0,89,0,-9999,-9999,-9999,-9999,-9999,0.26269426966292136
"Love III, Davis",24,0,0.201,0.009,79,66,-0.5041881818181818,0.016439545454545464,0.3779725757575757,0.2971209090909091,0.6915330303030304,0.24514303797468354
"Bohn, Jason",26,1,0.398,0,88,74,0.13824621621621624,-0.10912918918918918,0.3521637837837838,0.08043783783783785,0.3234724324324325,0.24460693181818183
"Garrido, Ignacio",32,0,0.005,0,109,0,-9999,-9999,-9999,-9999,-9999,0.238808623853211
"Spieth, Jordan",12,0,0,0,35,6,0.5493849999999999,0.3903433333333333,-0.582575,0.4682283333333333,0.27599666666666667,0.23307971428571425
"Curtis, Ben",24,0,0.052,0.001,78,66,0.2247928787878788,0.10786909090909091,0.07044924242424243,-0.1609010606060606,0.01741727272727274,0.22663589743589746
"Maybin, Gareth",27,0,0.03900000000000001,0,98,0,-9999,-9999,-9999,-9999,-9999,0.22237438775510204
"Chalmers, Greg",29,0,0.003,0,101,87,0.7803248275862069,0.06342597701149426,0.06484862068965519,-0.5639418390804597,-0.43566724137931023,0.21835772277227725
"Garcia, Sergio",22,0,0,0,78,36,-0.36132055555555553,-0.05337083333333334,0.25057166666666664,0.28997027777777773,0.487171111111111,0.21558025641025638
"Imada, Ryuji",29,0,0.028999999999999998,0,94,84,0.531354880952381,0.22083261904761903,-0.23903011904761906,-0.3274847619047619,-0.345682261904762,0.21365968085106382
"Kelly, Jerry",29,0,0.002,0.001,99,82,-0.4624593902439024,0.3531629268292683,0.24736609756097563,0.03387719512195121,0.6344062195121951,0.21216959595959595
"Micheel, Shaun",25,0,0.08700000000000001,0,82,53,0.18916509433962267,0.16853698113207546,0.1204815094339623,-0.1917245283018868,0.09729396226415096,0.20656024390243904
"Collins, Chad",26,0,0.001,0,87,75,0.6135637333333334,0.2791045333333333,-0.14588479999999998,-0.6884412000000001,-0.5552214666666668,0.20326218390804596
"Wilson, Oliver",28,0,0.012,0,91,16,-0.15371562499999997,-0.13085874999999997,0.546925,0.0010806250000000364,0.4171468750000001,0.17889879120879118
"Romero, Andres",21,0,0.028999999999999998,0,73,72,0.26112819444444446,-0.1891054166666667,-0.08228680555555558,0.1761390277777778,-0.09525319444444448,0.17180068493150685
"Gaunt, Daniel",13,1,0,0,48,0,-9999,-9999,-9999,-9999,-9999,0.17019791666666664
"Wilson, Dean",18,0,0.009000000000000001,0,54,47,0.6988195744680852,0.07624574468085107,0.0026710638297872337,-0.46840531914893613,-0.3894885106382978,0.16799537037037032
"Riley, Chris",24,0,0.004,0,73,63,0.12799412698412696,0.31760746031746034,-0.2697177777777778,0.09048063492063492,0.13837031746031747,0.15814561643835617
"Sabbatini, Rory",27,0,0.079,0,86,67,-0.18166761194029854,0.28198537313432837,-0.17677149253731347,0.325039552238806,0.43025343283582085,0.15202325581395346
"Katayama, Shingo",24,0,0.002,0,91,0,-9999,-9999,-9999,-9999,-9999,0.14494813186813185
"Aiken, Thomas",29,0,0.003,0,104,0,-9999,-9999,-9999,-9999,-9999,0.1410223076923077
"Davies, Rhys",30,1,1.4649999999999999,0,102,4,0.5368675,-0.7842150000000001,-1.2784200000000001,0.034282499999999994,-2.0283525000000004,0.14059127450980388
"Bland, Richard",27,0,0.04,0,91,0,-9999,-9999,-9999,-9999,-9999,0.13781
"Singh, Jeev Milkha",30,0,0.002,0,100,52,-0.11414403846153845,0.34093038461538466,-0.2799180769230769,-0.20709115384615387,-0.1460788461538461,0.13731929999999998
"Couch, Chris",23,0,0.124,0,66,59,0.2828433898305085,-0.2190072881355932,-0.26623118644067795,0.42327932203389834,-0.0619591525423728,0.13534772727272726
"Hiratsuka, Tetsuji",32,3,0.191,0,113,0,-9999,-9999,-9999,-9999,-9999,0.13224442477876105
"Canizares, Alejandro",27,0,0.131,0,98,0,-9999,-9999,-9999,-9999,-9999,0.11666102040816327
"Points, D.A.",29,0,0.006,0.001,90,79,-0.12210392405063289,0.049661392405063294,0.16651405063291136,0.018644177215189874,0.23481962025316452,0.11194133333333332
"Hayes, J.P.",25,0,0.028000000000000004,0,79,68,0.010140882352941177,0.29158264705882353,-0.40837352941176475,0.020301764705882352,-0.09648911764705886,0.10851468354430378
"Simpson, Webb",31,0,0.012,0,98,92,0.3438855434782609,0.13028173913043478,-0.09198054347826086,-0.35498021739130436,-0.31667902173913043,0.10372887755102042
"Horsey, David",27,1,0.017,0,89,4,-1.5579325000000002,-0.559515,1.260755,-0.6347925000000001,0.06644749999999999,0.102874606741573
"Summerhays, Daniel",27,0,0.014000000000000002,0,85,0,-9999,-9999,-9999,-9999,-9999,0.09664635294117645
"Hansen, Soren",29,0,0.007,0,95,8,-0.91871375,0.4749,-0.14331624999999995,0.15086375000000002,0.48244750000000003,0.09629652631578947
"Petrovic, Tim",32,0,0.149,0,105,94,-0.02370872340425532,0.17827819148936172,0.023120744680851048,0.014029787234042553,0.2154287234042553,0.09110485714285713
"O'Hern, Nick",13,0,0.005,0,41,31,-0.5018903225806451,0.4341167741935484,-0.0903925806451613,-0.061663870967741945,0.2820603225806452,0.08280536585365854
"Hadwin, Adam",10,1,0,0,40,4,-0.194955,-0.108315,1.1474125,-0.3617775,0.6773199999999999,0.0783015
"Boyd, Gary",26,0,0.155,0,84,0,-9999,-9999,-9999,-9999,-9999,0.07567928571428575
"Edfors, Johan",25,0,0.028,0,81,0,-9999,-9999,-9999,-9999,-9999,0.0718641975308642
"Stenson, Henrik",22,0,0.004,0.011,75,32,0.19409187500000002,-0.3374803125,-0.449196875,-0.26763437500000004,-1.0543115625000001,0.059631066666666684
"Bjorn, Thomas",29,1,0.514,0,86,0,-9999,-9999,-9999,-9999,-9999,0.05170209302325585
"Lawrie, Paul",24,0,0.004,0,76,0,-9999,-9999,-9999,-9999,-9999,0.05116355263157894
"Durant, Joe",20,0,0.002,0,69,57,-0.36764456140350876,-0.17844526315789475,0.1766321052631579,0.5041338596491228,0.5023207017543859,0.03915376811594204
"Pernice Jr., Tom",22,0,0.003,0,74,58,-0.23438137931034483,0.22273672413793102,0.1251555172413793,-0.28919775862068964,0.058694482758620686,0.032641891891891886
"Henry, J.J.",27,0,0.006,0,92,79,0.19408582278481012,-0.07930962025316456,-0.24892999999999998,0.33695886075949366,0.00871924050632912,0.02624630434782607
"Baird, Briny",28,0,0.004,0,87,79,-0.05217835443037975,0.026344936708860758,0.26975151898734173,-0.2672791139240506,0.028817341772151863,0.024921609195402303
"Immelman, Trevor",20,0,0.004,0.001,59,43,0.05483604651162791,0.07708813953488372,-0.037978139534883736,-0.5626120930232558,-0.5235020930232558,0.023324406779661
"Prugh, Alex",28,0,0.105,0,88,80,0.17258162500000002,-0.222594625,-0.35539675,0.34432637499999996,-0.233665,0.016280681818181795
"Sim, Michael",23,0,0.029,0,77,53,0.5338475471698113,0.3032624528301887,-0.19665358490566037,-0.32486490566037735,-0.218256037735849,0.014209870129870137
"Weekley, Boo",27,0,0.005,0,88,74,-0.39018513513513514,-0.17333378378378378,0.04378337837837838,0.6399902702702702,0.5104398648648649,-0.005405568181818183
"DeLaet, Graham",29,0,0.113,0,90,76,-0.4089878947368421,-0.07658236842105262,0.013835526315789472,0.5919680263157895,0.5292211842105263,-0.009797444444444466
"Jobe, Brandt",24,0,0.005,0,74,4,-0.6486825,0.5357425,0.48800999999999994,0.5610125,1.584765,-0.04141243243243242
"Walker, Jimmy",27,0,0.006,0,82,70,0.2271282857142857,0.02215014285714284,0.3090891428571429,-0.5706502857142858,-0.23941100000000004,-0.04657256097560972
"Dredge, Bradley",26,0,0.009000000000000001,0,89,0,-9999,-9999,-9999,-9999,-9999,-0.04992314606741573
"Fujimoto, Yoshinori",11,0,0,0,38,0,-9999,-9999,-9999,-9999,-9999,-0.05128736842105262
"Lowry, Shane",30,0,0.092,0,103,0,-9999,-9999,-9999,-9999,-9999,-0.05191087378640774
"Lynn, David",25,0,0.009,0,80,0,-9999,-9999,-9999,-9999,-9999,-0.06835237499999999
"Gutschewski, Scott",26,0,0,0,80,0,-9999,-9999,-9999,-9999,-9999,-0.06887062499999999
"Lovemark, Jamie",26,1,0.007,0,89,9,0.09273666666666666,0.0256733333333333,-0.4232455555555556,-0.35975111111111113,-0.7573233333333335,-0.0709474157303371
"Gainey, Tommy",27,2,0.043000000000000003,0,91,0,-9999,-9999,-9999,-9999,-9999,-0.07583032967032967
"Wall, Anthony",24,0,0.005,0,78,0,-9999,-9999,-9999,-9999,-9999,-0.078675
"Baddeley, Aaron",27,0,0.008,0,96,88,0.4804986363636363,0.3701026136363636,-0.8264902272727273,0.07847477272727273,-0.3779128409090909,-0.08113229166666666
"Chappell, Kevin",26,1,0.034,0,82,5,1.565152,0.023134000000000023,0.08620800000000002,-0.023754000000000018,0.08558800000000003,-0.0868487804878049
"Quigley, Brett",29,0,0,0,96,88,0.04656897727272728,-0.039674886363636364,0.38379840909090907,-0.4761945454545455,-0.13207102272727278,-0.08961833333333336
"Appleby, Stuart",34,2,0.203,0,113,88,-0.05913886363636364,0.3374643181818182,0.06404306818181817,-0.25457534090909095,0.1469320454545454,-0.09525610619469028
"Colsaerts, Nicolas",25,0,0.003,0,82,0,-9999,-9999,-9999,-9999,-9999,-0.10249243902439022
"Atwal, Arjun",23,1,0.014000000000000002,0,79,44,0.3689522727272727,-0.1794834090909091,0.21506681818181816,-0.07741295454545453,-0.04182954545454548,-0.10438443037974685
"Rock, Robert",31,0,0.036,0.002,100,0,-9999,-9999,-9999,-9999,-9999,-0.1047465
"Wattel, Romain",16,1,0.002,0,56,0,-9999,-9999,-9999,-9999,-9999,-0.1196244642857143
"Curl, Jeff",14,0,0.001,0,46,0,-9999,-9999,-9999,-9999,-9999,-0.14405847826086957
"Stadler, Kevin",27,0,0.024999999999999998,0,86,72,-0.3156947222222222,-0.33389625,0.05427263888888886,0.17466513888888888,-0.10495847222222227,-0.14635244186046512
"McCarron, Scott",29,0,0.005,0,90,83,0.45967975903614455,0.0376921686746988,-0.6332189156626505,0.005152409638554213,-0.5903743373493975,-0.14913744444444446
"Wetterich, Brett",16,0,0,0,54,53,-0.2013222641509434,-0.3458249056603774,0.0074435849056603675,0.3439767924528302,0.005595471698113197,-0.1517214814814815
"Cejka, Alex",29,0,0.003,0.004,85,68,-0.5170398529411765,0.04396352941176469,0.3959033823529412,-0.19818367647058824,0.24168323529411767,-0.15515847058823531
"Chung, David",15,0,0,0,47,0,-9999,-9999,-9999,-9999,-9999,-0.15918021276595745
"Rumford, Brett",25,0,0.11800000000000001,0,78,0,-9999,-9999,-9999,-9999,-9999,-0.16057833333333332
"Putnam, Michael",23,1,0.063,0,81,3,-0.20540666666666665,0.6733366666666667,-0.16806,-0.19830333333333336,0.3069733333333333,-0.17730740740740739
"McGirt, William",24,0,0,0,82,2,-1.5991950000000001,-0.313085,0.10112000000000002,-0.04165499999999999,-0.25361999999999996,-0.17989902439024388
"Stroud, Chris",28,0,0.017,0,94,72,0.015302638888888862,0.04188375000000001,-0.0004944444444444301,-0.06601083333333334,-0.024621527777777763,-0.1848812765957447
"Merrick, John",31,0,0.001,0,109,92,-0.1596501086956522,-0.11365739130434782,-0.05068804347826086,0.17325891304347826,0.008913478260869578,-0.18710899082568808
"Ilonen, Mikko",25,0,0.01,0,73,0,-9999,-9999,-9999,-9999,-9999,-0.19370013698630142
"Edberg, Pelle",25,0,0,0,83,0,-9999,-9999,-9999,-9999,-9999,-0.19498602409638555
"Letzig, Michael",26,0,0,0,84,80,-0.12223800000000003,0.087494125,-0.195966625,0.04955175,-0.058920749999999994,-0.19746095238095238
"Stankowski, Paul",26,0,0,0,90,53,0.23087603773584905,-0.23298905660377361,0.2040220754716981,-0.11069132075471699,-0.1396583018867925,-0.19759544444444443
"Lafeber, Maarten",22,0,0,0,78,0,-9999,-9999,-9999,-9999,-9999,-0.1989097435897436
"Kim, Dohoon",23,0,0.003,0,80,0,-9999,-9999,-9999,-9999,-9999,-0.20063837500000004
"Matteson, Troy",29,0,0.002,0,88,78,-0.4652084615384615,-0.2914232051282051,0.026396538461538468,0.49751820512820516,0.23249153846153858,-0.20243579545454543
"Ramsay, Richie",30,1,0.046,0,97,0,-9999,-9999,-9999,-9999,-9999,-0.20545195876288658
"Wilson, Mark",28,0,0.008,0,87,79,0.10826620253164557,0.3215787341772152,-0.3717879746835443,-0.2635649367088607,-0.3137741772151898,-0.20727448275862068
"Johnson, Richard S.",29,1,0.081,0,98,73,0.1414017808219178,-0.14325465753424657,-0.08208986301369864,-0.4702558904109589,-0.6956004109589041,-0.20767428571428573
"Haas, Hunter",23,2,0.111,0,80,0,-9999,-9999,-9999,-9999,-9999,-0.21157862500000002
"Taniguchi, Toru",25,1,0.095,0,95,0,-9999,-9999,-9999,-9999,-9999,-0.21192242105263157
"Vegas, Jhonattan",24,1,0.012,0,80,0,-9999,-9999,-9999,-9999,-9999,-0.21475112500000004
"McNeill, George",27,0,0.012,0,79,70,0.29414414285714285,-0.006283428571428578,0.13093200000000002,-0.5429618571428572,-0.41831328571428567,-0.22241417721518986
"Weir, Mike",18,0,0.002,0,57,40,0.0029252500000000125,0.5750615,0.54052675,-1.22172325,-0.10613499999999998,-0.2229594736842105
"Velasco, Alvaro",22,2,0.007,0,78,0,-9999,-9999,-9999,-9999,-9999,-0.22310128205128207
"Teater, Josh",31,0,0.006,0,101,92,-0.36237913043478265,-0.11484173913043477,-0.21098934782608697,0.3764504347826087,0.05061934782608696,-0.2270848514851485
"Driscoll, James",26,0,0.001,0,78,74,0.2590212162162162,-0.025835810810810808,-0.3477744594594595,-0.085895,-0.4595052702702703,-0.22963397435897434
"MacKenzie, Will",24,0,0.004,0,74,68,-0.513452205882353,0.05375705882352942,0.05619455882352941,0.2660094117647058,0.3759610294117647,-0.2329997297297298
"Gomez, Fabian",26,1,0.084,0,93,0,-9999,-9999,-9999,-9999,-9999,-0.2335286021505376
"Uihlein, Peter",24,3,0.020000000000000004,0,75,0,-9999,-9999,-9999,-9999,-9999,-0.23440693333333334
"Steele, Brendan",26,1,0.032,0,89,0,-9999,-9999,-9999,-9999,-9999,-0.23694213483146068
"Lyle, Jarrod",30,0,0,0,92,46,-0.052270652173913044,0.08815065217391306,-0.6130671739130434,0.14507760869565217,-0.3798389130434782,-0.2374554347826087
"Kisner, Kevin",26,1,0.086,0,85,0,-9999,-9999,-9999,-9999,-9999,-0.2396678823529412
"Quinney, Jeff",30,0,0,0,93,80,0.33319175,-0.27650675,0.09758975000000003,-0.49242762500000004,-0.671344625,-0.2401289247311828
"Fraser, Marcus",28,1,0.633,0,100,4,0.3403675,0.920285,-0.65092,-0.8512175,-0.5818524999999999,-0.243923
"Mallinger, John",30,0,0.003,0,86,65,-0.008240923076923078,0.1803335384615385,-0.4250596923076923,-0.21204384615384614,-0.45676999999999995,-0.24691197674418608
"Wong, Eugene",20,2,0.001,0,61,2,-0.57209,0.12904499999999997,-2.35119,0.516015,-1.70613,-0.25856934426229516
"Tway, Kevin",21,0,0.003,0,63,0,-9999,-9999,-9999,-9999,-9999,-0.2586312698412699
"Davis, Brian",32,0,0.28700000000000003,0,101,89,-0.2571137078651685,-0.023839438202247203,0.08506943820224722,-0.029326179775280896,0.03190382022471912,-0.26199297029702967
"Mills, Jon",26,0,0.002,0,88,4,-0.01600499999999997,-0.671865,0.4308375,0.48939750000000004,0.24836999999999998,-0.26200375000000004
"Goldberg, Aaron",13,3,0,0,47,7,-1.487377142857143,-0.29428142857142864,-0.4409714285714286,-0.045818571428571424,-0.7810714285714286,-0.26256723404255317
"Smock, Brian",24,0,0.005,0,82,0,-9999,-9999,-9999,-9999,-9999,-0.2789119512195122
"Willis, Garrett",24,0,0.017,0,82,71,-0.18709802816901408,-0.062012535211267594,0.19578492957746477,-0.2105554929577465,-0.07678309859154933,-0.2807119512195122
"Van Zyl, Jaco",10,0,0.003,0,37,0,-9999,-9999,-9999,-9999,-9999,-0.28226351351351353
"Matsumura, Michio",27,2,0.019,0,93,0,-9999,-9999,-9999,-9999,-9999,-0.28284236559139786
"Miyamoto, Katsumasa",28,1,0.05,0,98,4,1.2075675,0.21823499999999998,-0.0529949999999999,-0.1142925,0.05094750000000006,-0.2870942857142857
"LaBelle II, Doug",27,0,0.001,0,92,0,-9999,-9999,-9999,-9999,-9999,-0.28719163043478263
"Henley, Russell",21,4,0.001,0,68,0,-9999,-9999,-9999,-9999,-9999,-0.2925494117647059
"DiMarco, Chris",24,0,0,0,88,78,-0.11771102564102563,0.11596,0.08196076923076924,-0.33639743589743587,-0.13847666666666664,-0.29300602272727266
"Austin, Woody",29,0,0,0,93,83,-0.10383361445783133,0.023399397590361443,-0.030655421686746988,-0.07878686746987953,-0.08604289156626507,-0.2944183870967742
"Castro, Roberto",12,0,0,0,40,0,-9999,-9999,-9999,-9999,-9999,-0.294682
"Allen, Michael",17,0,0.017,0,49,47,-0.24407978723404256,0.03308808510638298,-0.33842595744680853,0.2506721276595745,-0.05466574468085108,-0.3012769387755102
"Cantlay, Patrick",12,0,0,0,38,0,-9999,-9999,-9999,-9999,-9999,-0.3016976315789474
"Hearn, David",26,0,0.013999999999999999,0,84,2,-0.008089999999999986,0.134545,-1.49119,-0.413485,-1.7701300000000002,-0.3192914285714285
"Sonoda, Shunsuke",25,1,0.113,0,84,0,-9999,-9999,-9999,-9999,-9999,-0.3245207142857143
"Every, Matt",19,0,0.002,0,62,51,0.19184803921568624,-0.22278529411764705,-0.39753313725490197,0.0891535294117647,-0.5311649019607844,-0.3258666129032258
"Connell, Michael",26,0,0.01,0,93,77,0.2730658441558442,-0.03854584415584416,-0.006049999999999999,-0.3608433766233766,-0.4054392207792208,-0.32892365591397843
"Maruyama, Daisuke",27,0,0.003,0,93,2,-0.80096,1.17896,-0.17985,-1.03434,-0.035230000000000095,-0.32941129032258065
"Coles, Gavin",23,0,0,0,79,0,-9999,-9999,-9999,-9999,-9999,-0.33241721518987344
"Adams, Blake",26,0,0.018000000000000002,0,84,75,0.17504866666666666,-0.01784239999999998,-0.7648701333333333,0.2545328,-0.5281797333333333,-0.3356191666666667
"Wagner, Johnson",28,0,0.011,0,85,74,-0.002298108108108092,-0.17831851351351352,0.2038358108108108,-0.4474954054054054,-0.4219781081081081,-0.34088094117647055
"Larrazabal, Pablo",29,0,0.001,0,94,0,-9999,-9999,-9999,-9999,-9999,-0.34117202127659574
"Piercy, Scott",29,0,0.001,0,90,81,0.16190074074074073,-0.18472481481481481,-0.15491975308641975,-0.09021901234567903,-0.4298635802469136,-0.3465061111111111
"Estes, Bob",26,0,0.001,0,79,71,-0.028135352112676038,0.08516281690140845,0.07146028169014083,-0.39844929577464794,-0.24182619718309864,-0.35113696202531647
"Webster, Steve",27,0,0.002,0,86,0,-9999,-9999,-9999,-9999,-9999,-0.3528272093023256
"Warren, Charles",24,0,0.003,0,74,55,-0.5174083636363636,-0.462316,0.1579938181818182,0.45753636363636363,0.15321418181818186,-0.3546631081081081
"Maruyama, Shigeki",28,0,0,0,91,4,-0.2921775,0.00136,0.073735,-0.8609350000000001,-0.7858400000000001,-0.35485175824175824
"Fichardt, Darren",10,1,0.001,0,32,0,-9999,-9999,-9999,-9999,-9999,-0.357376875
"Finch, Richard",28,0,0.009,0,90,0,-9999,-9999,-9999,-9999,-9999,-0.3606131111111111
"Barber, Blayne",11,0,0,0,37,0,-9999,-9999,-9999,-9999,-9999,-0.3678356756756757
"Price, Aron",26,0,0,0,86,62,-0.06543983870967743,-0.008628387096774206,0.15019435483870966,-0.20699661290322582,-0.06543064516129037,-0.37136325581395346
"Goydos, Paul",25,0,0.711,0,78,66,-0.16345924242424242,-0.17480712121212116,0.2341909090909091,-0.2779560606060606,-0.21857227272727267,-0.37348269230769227
"Blanks, Kris",30,0,0.009000000000000001,0,91,74,-0.5998705405405406,-0.23620472972972975,0.3679791891891892,0.15569945945945945,0.28747391891891894,-0.3791969230769231
"Knost, Colt",27,0,0.031,0,84,2,0.865815,0.43252999999999997,-1.05911,-1.18498,-1.81156,-0.37980357142857146
"Triplett, Kirk",18,0,0.001,0,62,28,0.19553035714285713,0.27799785714285713,-0.2857242857142857,-0.3928871428571429,-0.4006135714285715,-0.3888438709677419
"Hahn, James",28,0,0,0,92,0,-9999,-9999,-9999,-9999,-9999,-0.3900278260869565
"Allan, Stephen",13,0,0,0,44,4,-0.1960425,0.177325,0.061197500000000016,0.94546,1.1839825,-0.39096318181818185
"Pavan, Andrea",21,0,0,0,62,0,-9999,-9999,-9999,-9999,-9999,-0.39866548387096773
"Murray, George",23,1,0.006,0,84,0,-9999,-9999,-9999,-9999,-9999,-0.4098955952380952
"Rodriguez, Jose de Jesus",9,0,0.001,0,34,0,-9999,-9999,-9999,-9999,-9999,-0.4140844117647059
"Jones, Kent",24,0,0.001,0,72,18,-0.30337777777777775,-0.12934444444444443,0.6234516666666666,0.02503388888888889,0.519141111111111,-0.41648722222222223
"Havret, Gregory",27,0,0,0.091,84,0,-9999,-9999,-9999,-9999,-9999,-0.4217332142857143
"Storm, Graeme",28,0,0.003,0,89,0,-9999,-9999,-9999,-9999,-9999,-0.43382438202247187
"Herron, Tim",24,0,0.001,0,79,69,0.12259521739130436,0.0034350724637681,-0.28999130434782605,-0.3015595652173913,-0.5881157971014493,-0.4396892405063291
"Olesen, Thorbjorn",24,1,0.009000000000000001,0,88,0,-9999,-9999,-9999,-9999,-9999,-0.4490784090909091
"Fleetwood, Tommy",22,0,0.008,0,76,0,-9999,-9999,-9999,-9999,-9999,-0.4502168421052632
"Cho, Mingyu",20,0,0,0,72,0,-9999,-9999,-9999,-9999,-9999,-0.4512419444444444
"Drysdale, David",31,0,0,0,99,0,-9999,-9999,-9999,-9999,-9999,-0.45149707070707074
"Norlander, Henrik",17,1,0.001,0,46,0,-9999,-9999,-9999,-9999,-9999,-0.4515917391304348
"Bradley, Keegan",28,0,0.005,0,93,0,-9999,-9999,-9999,-9999,-9999,-0.4530735483870968
"Janzen, Lee",26,0,0.007,0,77,70,-0.35549128571428573,0.04490071428571428,0.10451371428571428,-0.2541812857142857,-0.10476685714285718,-0.4610844155844156
"Grube, Rob",10,1,0,0,34,4,0.977295,-0.15831499999999996,0.05041249999999986,-0.3870275,-0.4949300000000001,-0.4653594117647059
"Oppenheim, Rob",28,0,0,0,87,0,-9999,-9999,-9999,-9999,-9999,-0.46603942528735637
"Noren, Alex",26,0,0.001,0,87,4,1.4834175,0.01758499999999999,-0.41109500000000004,-0.8313925,-1.2249025,-0.4710744827586207
"Aphibarnrat, Kiradech",30,0,0.005,0,106,0,-9999,-9999,-9999,-9999,-9999,-0.4731461320754717
"Svoboda, Andrew",30,0,0,0,97,3,-0.08288,-0.14836000000000002,-1.1169666666666667,-0.6546466666666667,-1.9199733333333333,-0.47342938144329894
"Reed, Patrick",20,0,0,0,57,0,-9999,-9999,-9999,-9999,-9999,-0.47812561403508774
"Waring, Paul",24,0,0.002,0,84,0,-9999,-9999,-9999,-9999,-9999,-0.47824214285714284
"Brigman, D.J.",25,1,0.004,0,81,0,-9999,-9999,-9999,-9999,-9999,-0.47876160493827163
"English, Harris",19,2,0.003,0,58,0,-9999,-9999,-9999,-9999,-9999,-0.48091051724137934
"Siem, Marcel",26,0,0.01,0,81,0,-9999,-9999,-9999,-9999,-9999,-0.48092148148148145
"Wiratchant, Thaworn",26,1,0.002,0,92,0,-9999,-9999,-9999,-9999,-9999,-0.48268684782608695
"Yates, Simon",10,0,0,0,34,0,-9999,-9999,-9999,-9999,-9999,-0.4909164705882353
"Tidland, Chris",26,0,0.016,0,81,68,0.1648764705882353,-0.06448220588235294,-0.6126141176470588,0.19695470588235295,-0.4801416176470587,-0.49143592592592594
"Kingston, James",24,0,0.003,0,84,4,-1.2717825,-0.052364999999999995,0.3934800000000001,0.4391825,0.7802975000000001,-0.4920082142857143
"Green, Nathan",30,0,0.002,0,98,81,0.32173506172839506,0.14706407407407407,-0.2344201234567901,-0.6075833333333334,-0.6949393827160494,-0.5004884693877552
"Ogilvie, Joe",32,0,0.004,0,99,86,0.043765116279069746,-0.18231534883720932,-0.2810787209302326,-0.07867686046511627,-0.5420709302325583,-0.5104588888888889
"Hoey, Michael",25,0,0.008,0,84,0,-9999,-9999,-9999,-9999,-9999,-0.5224558333333333
"Cabrera Bello, Rafa",29,0,0.001,0,92,0,-9999,-9999,-9999,-9999,-9999,-0.5385580434782609
"Nitties, James",32,0,0,0,100,81,0.06849901234567903,-0.3015560493827161,-0.03613888888888889,-0.2658235802469136,-0.6035185185185186,-0.5537129000000001
"Pampling, Rod",28,0,0,0,85,70,-0.2951082857142857,0.18470185714285714,-0.44235342857142856,-0.0029851428571428624,-0.2606367142857143,-0.5586416470588235
"Bradley, Michael",24,0,0,0,77,68,-0.12529955882352942,0.11400632352941177,0.15122455882352942,-0.7385182352941176,-0.4732873529411765,-0.558977012987013
"Hedblom, Peter",25,0,0.128,0,81,0,-9999,-9999,-9999,-9999,-9999,-0.5603158024691358
"Nilsson, Christian L",23,0,0.003,0,72,0,-9999,-9999,-9999,-9999,-9999,-0.5603349999999999
"Zanotti, Fabrizio",29,0,0.001,0,85,0,-9999,-9999,-9999,-9999,-9999,-0.5784538823529412
"Gonnet, Jean-Baptiste",24,0,0,0,79,0,-9999,-9999,-9999,-9999,-9999,-0.5794259493670886
"Marksaeng, Prayad",30,0,0,0,100,0,-9999,-9999,-9999,-9999,-9999,-0.5912834
"Montgomerie, Colin",19,0,0,0,62,4,-0.45029250000000004,-0.152515,1.084425,-0.46701000000000004,0.4648999999999999,-0.5961259677419355
"Mediate, Rocco",26,1,0.196,0,75,61,-0.5972818032786885,-0.15583573770491804,0.46988475409836067,-0.17331327868852459,0.14073573770491804,-0.6087925333333333
"Goya, Estanislao",29,0,0.001,0,88,0,-9999,-9999,-9999,-9999,-9999,-0.6120456818181818
"Benavides, Pablo Martin",26,1,0.059000000000000004,0,79,0,-9999,-9999,-9999,-9999,-9999,-0.6127074683544304
"Parry, John",32,1,0.154,0,106,0,-9999,-9999,-9999,-9999,-9999,-0.6186668867924527
"McGowan, Ross",27,0,0,0,80,8,0.53166125,-0.005599999999999994,0.057933750000000006,-0.14526124999999998,-0.09292749999999997,-0.619327
"Howell, David",29,0,0.002,0,89,0,-9999,-9999,-9999,-9999,-9999,-0.6291819101123596
"Duval, David",24,0,0.094,0,71,56,0.07622160714285715,-0.27966892857142855,0.13342232142857144,-0.4260975,-0.5723441071428571,-0.6448223943661971
"O'Hara, Steven",26,0,0,0,87,0,-9999,-9999,-9999,-9999,-9999,-0.6664891954022989
"Coles, Robert",27,0,0.003,0,79,0,-9999,-9999,-9999,-9999,-9999,-0.6674817721518987
"Fasth, Niclas",27,0,0.003,0,82,0,-9999,-9999,-9999,-9999,-9999,-0.690019024390244
"Mayfair, Billy",27,0,0.005,0,80,65,-1.0671044615384615,0.02401307692307693,0.3248904615384615,-0.027622153846153852,0.3212813846153846,-0.714686
"Bettencourt, Matt",32,1,0.008,0,93,70,0.3060204285714286,-0.15929442857142856,-0.9498164285714286,-0.008686142857142858,-1.117797,-0.7158760215053763
"Merritt, Troy",30,0,0.017,0,90,77,0.45516532467532467,-0.37046038961038963,-0.5415627272727273,-0.24710207792207792,-1.1591251948051948,-0.7164314444444445
"Dodt, Andrew",27,1,0.002,0,86,0,-9999,-9999,-9999,-9999,-9999,-0.7203717441860465
"Beckman, Cameron",25,1,0.020999999999999998,0,68,59,-0.3382930508474576,-0.04289118644067796,-0.10627203389830507,-0.3075513559322034,-0.45671457627118645,-0.72758
"Echenique, Rafa",26,0,0.033,0,77,0,-9999,-9999,-9999,-9999,-9999,-0.7326090909090909
"Lamely, Derek",27,1,0.01,0,81,64,-0.003804843750000028,-0.09927390625000003,-0.3635175,-0.23145984375,-0.69425125,-0.7417516049382716
"Huldahl, Jeppe Pape",27,0,0,0,87,0,-9999,-9999,-9999,-9999,-9999,-0.7418047126436781
"Wheatcroft, Steve",31,0,0.006,0,86,58,0.1237798275862069,-0.24769241379310342,-0.8108193103448277,-0.12368275862068964,-1.1821944827586208,-0.748428023255814
"Maggert, Jeff",28,0,0.074,0,76,63,-0.4109152380952381,-0.48671222222222227,-0.14129015873015874,0.0590795238095238,-0.5689228571428572,-0.7519355263157895
"Price, Phillip",28,0,0.002,0,88,0,-9999,-9999,-9999,-9999,-9999,-0.7557052272727273
"Percy, Cameron",25,0,0.024,0,73,59,-0.5844586440677967,-0.27189745762711864,0.46269220338983047,-0.22473389830508475,-0.033939152542372925,-0.7623765753424657
"Garrigus, Robert",23,1,0.261,0,73,61,-0.25636852459016396,-0.9056426229508197,-0.10630196721311475,0.6394114754098361,-0.3725331147540982,-0.762583698630137
"McEvoy, Richard",27,0,0.005,0,80,0,-9999,-9999,-9999,-9999,-9999,-0.78243325
"Klauk, Jeff",16,0,0,0,50,30,-0.19510366666666668,0.14915700000000004,-0.5558816666666666,-0.76272,-1.1694446666666665,-0.7841816
"Gonzalez, Ricardo",25,0,0.001,0,74,0,-9999,-9999,-9999,-9999,-9999,-0.7869583783783785
"Tringale, Cameron",27,0,0.001,0,73,45,-0.8171533333333334,0.08780533333333335,-0.24157800000000004,-0.011389555555555549,-0.16516222222222227,-0.7915453424657534
"Dodd, Stephen",24,0,0.008,0,71,0,-9999,-9999,-9999,-9999,-9999,-0.8132654929577464
"Whiteford, Peter",27,0,0.009,0,87,0,-9999,-9999,-9999,-9999,-9999,-0.8226491954022989
"Lunde, Bill",29,1,0.002,0,83,67,-0.06615582089552238,0.019681940298507474,-0.38127746268656715,-0.3584359701492537,-0.7200314925373134,-0.8254280722891567
"Otto, Hennie",28,1,0.463,0,84,4,0.3662675,-0.563065,-0.9145699999999999,0.1198825,-1.3577525,-0.8299817857142857
"Aguilar, Felipe",28,0,0,0,82,0,-9999,-9999,-9999,-9999,-9999,-0.8331301219512195
"Goggin, Mathew",29,0,0.004,0,87,76,-0.4382263157894737,-0.2526580263157895,-0.26360723684210524,0.19232802631578946,-0.3239372368421053,-0.8353354022988506
"Guerrier, Julien",25,0,0.002,0,82,0,-9999,-9999,-9999,-9999,-9999,-0.8408813414634146
"Kendall, Skip",28,0,0.001,0,89,49,0.25291102040816327,-0.09302,-0.8095620408163265,-0.6009416326530612,-1.5035236734693878,-0.8516693258426966
"Owen, Greg",26,0,0,0,69,62,-0.7009893548387097,-0.2462491935483871,-0.18771451612903228,0.13202016129032257,-0.3019435483870968,-0.8527991304347827
"Bhullar, Gaganjeet",19,1,0,0,65,0,-9999,-9999,-9999,-9999,-9999,-0.856042
"Brown, Mark",31,0,0.005,0,92,0,-9999,-9999,-9999,-9999,-9999,-0.8635013043478261
"Hutsby, Sam",26,0,0,0,88,0,-9999,-9999,-9999,-9999,-9999,-0.8656398863636364
"Day, Glen",22,0,0,0,60,30,-0.46954433333333334,0.0013683333333333325,-0.07362700000000003,-0.0037193333333333375,-0.07597800000000003,-0.8739806666666666
"Williamson, Jay",25,0,0.001,0,78,61,-0.2348116393442623,-0.2814577049180328,-0.1039473770491803,0.027184918032786894,-0.35822016393442624,-0.8854555128205127
"Coetzee, George",26,0,0.002,0,80,0,-9999,-9999,-9999,-9999,-9999,-0.88688875
"Levet, Thomas",24,0,0.006,0,76,0,-9999,-9999,-9999,-9999,-9999,-0.8944309210526316
"Uresti, Omar",27,0,0.001,0,74,61,-0.8405004918032787,0.14423475409836067,-0.10687688524590165,-0.11229393442622951,-0.07493606557377047,-0.8945260810810811
"Stuard, Brian",31,0,0.002,0,91,71,0.22702098591549294,-0.10951169014084507,-0.8968029577464789,-0.30411619718309857,-1.3104308450704225,-0.8966084615384615
"Hend, Scott",28,0,0,0,93,0,-9999,-9999,-9999,-9999,-9999,-0.9034795698924731
"Haastrup, Mark Flindt",24,0,0.002,0,68,0,-9999,-9999,-9999,-9999,-9999,-0.9167708823529412
"Hebert, Benjamin",22,0,0,0,70,0,-9999,-9999,-9999,-9999,-9999,-0.941096
"Dougherty, Nick",27,0,0,0,83,0,-9999,-9999,-9999,-9999,-9999,-0.9471060240963857
"Foster, Mark B.",31,0,0.008,0,101,0,-9999,-9999,-9999,-9999,-9999,-0.9592417821782179
"Kapur, Shiv",35,0,0.009000000000000001,0,102,2,0.4729049999999999,-2.202725,-1.7373249999999998,0.750945,-3.1891049999999996,-0.9731609803921569
"Flores, Martin",28,0,0,0,81,64,-0.19270562499999996,-0.06086218749999999,-0.70019171875,-0.3352353125,-1.09628921875,-0.987354074074074
"Bjornstad, Henrik",26,0,0,0,72,59,-0.292694406779661,-0.5524589830508475,-0.057705254237288124,-0.14447627118644069,-0.7546405084745763,-0.9878355555555556
"Khan, Simon",27,1,0.056,0,84,4,-1.0771825000000002,-0.818015,-0.937245,0.0909575,-1.6643025,-0.9907809523809524
"Elson, Jamie",27,0,0,0,80,0,-9999,-9999,-9999,-9999,-9999,-1.00948025
"Thompson, Nicholas",29,0,0,0,88,77,-0.9538594805194806,-0.37688259740259744,-0.03630571428571429,0.17513675324675326,-0.23805155844155845,-1.0111419318181818
"Brier, Markus",27,0,0,0,81,0,-9999,-9999,-9999,-9999,-9999,-1.0155796296296296
"Horne, Keith",22,0,0.003,0,73,0,-9999,-9999,-9999,-9999,-9999,-1.0188308219178082
"Thatcher, Roland",26,0,0.019,0,72,68,-0.4378741176470588,-0.2927301470588235,-0.176325,-0.13455073529411765,-0.6036058823529411,-1.030879861111111
"McGinley, Paul",23,0,0,0,71,0,-9999,-9999,-9999,-9999,-9999,-1.032109014084507
"Calcavecchia, Mark",16,0,0,0,50,33,-0.8846603030303031,-0.3263984848484848,0.3495369696969697,-0.19018636363636363,-0.16704787878787877,-1.032226
"Mulroy, Garth",23,0,0.003,0,69,42,-0.6896561904761904,-0.2297080952380952,-0.010760238095238104,0.005453809523809526,-0.23501452380952378,-1.0454881159420288
"Carranza, Clodomiro",23,0,0,0,74,0,-9999,-9999,-9999,-9999,-9999,-1.0529433783783784
"Randhawa, Jyoti",24,0,0.001,0,65,0,-9999,-9999,-9999,-9999,-9999,-1.0609998461538461
"Flesch, Steve",25,0,0.001,0,78,65,-0.13496415384615384,0.27407615384615386,-0.5866227692307692,-0.4670750769230769,-0.7796216923076924,-1.0644960256410256
"Kresge, Cliff",28,0,0,0,84,45,-0.6659995555555556,-0.21019444444444446,0.22304066666666666,-0.33637066666666665,-0.32352444444444445,-1.0787275
"Morrison, James",26,1,0.104,0,77,0,-9999,-9999,-9999,-9999,-9999,-1.098568961038961
"Purdy, Ted",31,0,0,0,90,75,-0.17628960000000002,-0.3032976,-0.5226810666666667,-0.2145784,-1.0405570666666668,-1.0986141111111112
"Nirat, Chapchai",22,0,0,0,69,0,-9999,-9999,-9999,-9999,-9999,-1.1026291304347826
"Coltart, Andrew",27,0,0,0,79,0,-9999,-9999,-9999,-9999,-9999,-1.1101203797468355
"Daly, John",27,0,0,0,86,47,-0.7164048936170213,-0.3395768085106383,-0.4776491489361702,0.24634,-0.5708859574468086,-1.1356916279069766
"Lara, Jose Manuel",32,1,0.009,0,83,0,-9999,-9999,-9999,-9999,-9999,-1.1447237349397592
"Cevaer, Christian",26,0,0,0,71,0,-9999,-9999,-9999,-9999,-9999,-1.1544260563380282
"Pappas, Brenden",27,0,0,0,76,55,-0.17650436363636363,-0.03402072727272727,-0.23035709090909093,-0.7191641818181819,-0.9835420000000001,-1.160192894736842
"Gronberg, Mathias",27,0,0.001,0,73,50,-0.29497999999999996,-0.1581324,-0.423858,0.08539099999999998,-0.4965994,-1.161701095890411
"Forsyth, Alastair",30,0,0,0,91,0,-9999,-9999,-9999,-9999,-9999,-1.1778027472527473
"Barcelo, Rich",28,0,0,0,80,58,0.06173068965517243,0.0699893103448276,0.07072672413793103,-1.1425562068965518,-1.001840172413793,-1.193422875
"Bebb, Sion",20,0,0,0,61,0,-9999,-9999,-9999,-9999,-9999,-1.200211475409836
"Barham, Benn",20,0,0,0,68,0,-9999,-9999,-9999,-9999,-9999,-1.2134111764705882
"Canete, Ariel",28,0,0.006,0,75,0,-9999,-9999,-9999,-9999,-9999,-1.2196610666666667
"Ruiz, Marco",23,0,0,0,75,0,-9999,-9999,-9999,-9999,-9999,-1.2220440000000001
"Fisher, Oliver",26,0,0.046,0,84,0,-9999,-9999,-9999,-9999,-9999,-1.226615119047619
"Thornton, Simon",20,0,0,0,57,0,-9999,-9999,-9999,-9999,-9999,-1.2367491228070175
"Ferrie, Kenneth",30,0,0.001,0,83,0,-9999,-9999,-9999,-9999,-9999,-1.241105060240964
"Strange, Scott",24,0,0,0,71,0,-9999,-9999,-9999,-9999,-9999,-1.266318028169014
"Warren, Marc",28,0,0.001,0,83,0,-9999,-9999,-9999,-9999,-9999,-1.2985497590361446
"Kulacz, Rick",23,0,0,0,68,0,-9999,-9999,-9999,-9999,-9999,-1.3063458823529412
"Wiegele, Martin",22,2,0.001,0,67,0,-9999,-9999,-9999,-9999,-9999,-1.3091091044776118
"Tambellini, Roger",28,0,0,0,81,62,-0.8494837096774194,-0.061826129032258065,-0.38402435483870967,-0.02568048387096776,-0.4715309677419355,-1.3240681481481482
"Lee, Danny",22,0,0,0,66,4,-1.70736,-0.45892999999999995,0.22740749999999998,0.04777999999999999,-0.18374249999999998,-1.393578787878788
"Kang, Anthony",33,0,0.028,0,94,0,-9999,-9999,-9999,-9999,-9999,-1.4021912765957447
"Delahoussaye, Brent",29,0,0,0,78,47,0.1357055319148936,-0.5421078723404256,-0.31083808510638294,-0.6123561702127659,-1.4653021276595743,-1.4028210256410256
"Gove, Jeff",27,0,0.002,0,73,44,-1.06268,-0.32761181818181817,-0.23180204545454544,-0.0627293181818182,-0.6221431818181818,-1.4154326027397262
"Hamilton, Todd",29,0,0,0,77,36,-0.16551222222222223,-0.10853138888888887,-0.7928163888888888,-0.422265,-1.3236127777777775,-1.4425453246753248
"Both, Marcus",22,0,0,0,66,0,-9999,-9999,-9999,-9999,-9999,-1.453788787878788
"DeLamontagne, Francois",25,0,0,0,65,0,-9999,-9999,-9999,-9999,-9999,-1.4661875384615384
"Johansen, Eirik Tage",20,0,0,0,57,0,-9999,-9999,-9999,-9999,-9999,-1.4729747368421051
"Brooks, Mark",22,0,0,0,59,26,-0.4188403846153846,0.08212576923076922,-0.2004430769230769,-0.7358384615384614,-0.8541557692307692,-1.4888076271186441
"Lutterus, David",26,0,0,0,71,56,-0.43257946428571425,0.032701785714285725,-0.5965441071428571,-0.4897151785714286,-1.0535575,-1.5048015492957747
"Chopra, Daniel",32,0,0.001,0,83,67,0.30696059701492534,-0.13240940298507464,-1.185357313432836,-0.402123880597015,-1.7198905970149254,-1.509616265060241
"Dixon, David",28,0,0,0,79,0,-9999,-9999,-9999,-9999,-9999,-1.5114888607594938
"O'Malley, Peter",21,0,0,0,63,0,-9999,-9999,-9999,-9999,-9999,-1.5242728571428572
"Broadhurst, Paul",19,0,0,0,52,0,-9999,-9999,-9999,-9999,-9999,-1.5303109615384616
"Lorenzo-Vera, Michael",23,0,0,0,70,0,-9999,-9999,-9999,-9999,-9999,-1.5329
"Lowery, Steve",25,0,0,0,67,56,-0.4501055357142857,-0.6571042857142857,-0.44513321428571423,0.010511250000000012,-1.0917262499999998,-1.5408080597014926
"Veazey, Vance",24,0,0,0,62,48,-0.213269375,-0.20082729166666666,-0.27250395833333335,-1.256200625,-1.729531875,-1.5650522580645163
"Archer, Phillip",23,0,0,0,60,0,-9999,-9999,-9999,-9999,-9999,-1.5843796666666667
"Lima, Jose-Filipe",26,0,0,0,76,0,-9999,-9999,-9999,-9999,-9999,-1.587103947368421
"McLardy, Andrew",26,0,0,0,68,44,-0.27343090909090906,-0.4451238636363637,-0.7029277272727273,-0.0549375,-1.202989090909091,-1.5996580882352942
"Vancsik, Daniel",28,0,0,0,77,0,-9999,-9999,-9999,-9999,-9999,-1.6064974025974026
"Sjoland, Patrik",20,0,0,0,61,0,-9999,-9999,-9999,-9999,-9999,-1.61057
"Drummond, Scott",20,0,0,0,54,0,-9999,-9999,-9999,-9999,-9999,-1.6344037037037038
"Bowden, Craig",23,0,0,0,62,48,-0.49192062500000006,-0.046354374999999996,-0.6167716666666666,-0.37207687500000003,-1.0352029166666665,-1.6439658064516127
"Haig, Anton",22,0,0,0,60,0,-9999,-9999,-9999,-9999,-9999,-1.6537149999999998
"Lundberg, Mikael",27,0,0,0,81,0,-9999,-9999,-9999,-9999,-9999,-1.6589238271604938
"Pilkadaris, Terry",21,0,0,0,67,0,-9999,-9999,-9999,-9999,-9999,-1.6781847761194029
"Lucquin, Jean-F",29,0,0,0,76,0,-9999,-9999,-9999,-9999,-9999,-1.7403531578947369
"Chawrasia, S.S.P.",29,0,0,0,80,0,-9999,-9999,-9999,-9999,-9999,-1.747814875
"Erlandsson, Martin",29,0,0,0,75,0,-9999,-9999,-9999,-9999,-9999,-1.7683284
"Jeppesen, Steven",26,0,0,0,80,0,-9999,-9999,-9999,-9999,-9999,-1.80249675
"Gane, Chris",24,0,0,0,65,0,-9999,-9999,-9999,-9999,-9999,-1.8526704615384615
"Jonzon, Michael",27,0,0,0,69,4,-1.4222325,0.834185,-1.06707,-1.5863675000000002,-1.8192525,-1.8663556521739129
"Kamte, James",21,0,0,0,65,0,-9999,-9999,-9999,-9999,-9999,-1.8701235384615384
"McArthur, Andrew",22,0,0,0,62,0,-9999,-9999,-9999,-9999,-9999,-1.9411979032258064
"Little, Sam",30,0,0,0,72,0,-9999,-9999,-9999,-9999,-9999,-1.9527341666666667
"Sandelin, Jarmo",21,0,0,0,65,0,-9999,-9999,-9999,-9999,-9999,-1.9640203076923077
"Henningsson, Oskar",22,0,0,0,63,0,-9999,-9999,-9999,-9999,-9999,-1.967992380952381
"Quesne, Julien",29,0,0,0,89,0,-9999,-9999,-9999,-9999,-9999,-2.0260937078651686
"Johnson, Kevin",27,0,0,0,64,49,-0.4348097959183674,-0.13576714285714286,-1.0384114285714285,-0.9336765306122449,-2.1078551020408165,-2.13190765625
"Suneson, Carl",26,0,0,0,72,0,-9999,-9999,-9999,-9999,-9999,-2.13409875
"Bolli, Justin",24,0,0,0,59,42,-0.6624690476190476,-0.49924857142857143,-0.6494695238095238,-0.6038235714285715,-1.7525416666666669,-2.1901891525423727
"Turner, Jerod",23,0,0,0,59,40,-0.061351750000000024,-0.40238575,-1.289443,-0.443955,-2.13578375,-2.2420176271186443
"Wilson, Chris",28,0,0,0,70,52,-0.7623686538461538,-0.2888409615384615,-0.7827838461538461,-0.22777096153846152,-1.2993957692307692,-2.261606285714286
"Gross-Jr, Stephan",22,0,0,0,62,0,-9999,-9999,-9999,-9999,-9999,-2.313121774193548
"Clark, Gary",22,0,0,0,64,0,-9999,-9999,-9999,-9999,-9999,-2.3180375
"Faxon, Brad",23,0,0,0,58,48,0.35883625,-0.5995779166666667,-0.7339697916666666,-1.4342595833333334,-2.7678072916666667,-2.3329613793103445
"Lockerbie, Gary",31,0,0,0,75,0,-9999,-9999,-9999,-9999,-9999,-2.3334946666666667
"Baker, Peter",20,0,0,0,53,0,-9999,-9999,-9999,-9999,-9999,-2.3634028301886794
"Kraft, Greg",21,0,0,0,52,39,-0.2794858974358974,-0.4769876923076923,-0.7576041025641026,-1.0054,-2.239991794871795,-2.4532809615384616
"Murphy, Gary",26,0,0,0,65,0,-9999,-9999,-9999,-9999,-9999,-3.060407692307692
"Ruth, James",24,0,0,0,57,0,-9999,-9999,-9999,-9999,-9999,-3.1890803508771928
"Ohlsson, Fredrik",21,0,0,0,52,0,-9999,-9999,-9999,-9999,-9999,-3.4893726923076924
"Butterfield, Andrew",25,0,0,0,53,0,-9999,-9999,-9999,-9999,-9999,-3.9121571698113207
"Campbell, Michael",23,0,0,0,51,2,2.03637,-0.693405,-4.666494999999999,-4.680455,-10.040355,-4.018354705882353
