dataGolfId,playerName,tour,season,sgTotal,sgOffTee,sgApproach,sgAroundGreen,sgPutting,drivingDistance,drivingAccuracy,girPercent,scramblingPercent,puttsPerRound,lastSynced
18417,"Scheffler, Scottie",kft,2025,3.108,0.902,1.34,0.308,0.558,8.75,0.07,,,,2025-12-27
19195,"Rahm, Jon",kft,2025,1.987,0.882,0.615,0.28,0.211,14.52,0.01,,,,2025-12-27
12294,"Fleetwood, Tommy",kft,2025,1.886,0.413,0.742,0.203,0.527,0.15,0.07,,,,2025-12-27
10091,"McIlroy, Rory",kft,2025,1.861,0.804,0.458,0.137,0.463,19,-0.02,,,,2025-12-27
19895,"Schauffele, Xander",kft,2025,1.798,0.611,0.82,0.17,0.198,12.12,-0.01,,,,2025-12-27
19841,"DeChambeau, Bryson",kft,2025,1.758,1.193,0.356,-0.006,0.215,23.17,-0.01,,,,2025-12-27
14578,"Henley, Russell",kft,2025,1.67,0.334,0.729,0.338,0.27,-8.92,0.11,,,,2025-12-27
17536,"Spaun, J.J.",kft,2025,1.631,0.579,0.806,0.118,0.128,3.12,0.04,,,,2025-12-27
24968,"Griffin, Ben",kft,2025,1.556,0.211,0.689,0.195,0.462,3.03,0,,,,2025-12-27
26651,"Young, Cameron",kft,2025,1.435,0.467,0.333,0.14,0.495,12.34,-0.03,,,,2025-12-27
23950,"Aberg, Ludvig",kft,2025,1.423,0.562,0.462,0.068,0.33,11.75,0.01,,,,2025-12-27
15466,"Cantlay, Patrick",kft,2025,1.326,0.352,0.653,0.12,0.201,6.88,-0.01,,,,2025-12-27
23323,"MacIntyre, Robert",kft,2025,1.321,0.278,0.33,0.213,0.501,2.73,0.01,,,,2025-12-27
14609,"Kim, Si Woo",kft,2025,1.321,0.599,0.65,0.266,-0.194,-2.32,0.09,,,,2025-12-27
19483,"Burns, Sam",kft,2025,1.29,0.297,0.291,0.054,0.649,7.01,0.01,,,,2025-12-27
17646,"Fitzpatrick, Matt",kft,2025,1.285,0.062,0.451,0.327,0.444,1.36,0.01,,,,2025-12-27
22085,"Morikawa, Collin",kft,2025,1.282,0.617,0.77,0.025,-0.13,0.3,0.09,,,,2025-12-27
18841,"Hovland, Viktor",kft,2025,1.273,0.292,0.807,-0.001,0.174,2.9,0.03,,,,2025-12-27
13562,"Matsuyama, Hideki",kft,2025,1.191,0.017,0.606,0.427,0.142,0.16,0,,,,2025-12-27
26991,"Schaper, Jayden",kft,2025,1.141,0.39,0.299,0.215,0.237,-3.53,0.07,,,,2025-12-27
10419,"Noren, Alex",kft,2025,1.098,0.026,0.385,0.196,0.49,-5.02,0.03,,,,2025-12-27
13872,"Bradley, Keegan",kft,2025,1.068,0.251,0.368,0.306,0.143,4.65,0.01,,,,2025-12-27
17511,"Straka, Sepp",kft,2025,1.064,0.384,0.514,-0.001,0.167,-1.23,0.06,,,,2025-12-27
17576,"Conners, Corey",kft,2025,1.058,0.464,0.564,-0.002,0.031,-1.06,0.07,,,,2025-12-27
18634,"McNealy, Maverick",kft,2025,1.047,0.23,0.34,0.115,0.363,5.23,0.01,,,,2025-12-27
23504,"Hoey, Rico",kft,2025,1.04,0.753,0.791,-0.061,-0.442,6.45,0.05,,,,2025-12-27
14577,"English, Harris",kft,2025,1.037,0.25,0.197,0.177,0.413,1.49,0.03,,,,2025-12-27
14139,"Thomas, Justin",kft,2025,1.033,0.024,0.33,0.358,0.32,5.94,-0.05,,,,2025-12-27
26649,"Thorbjornsen, Michael",kft,2025,0.995,0.727,0.295,-0.073,0.046,12.46,0.01,,,,2025-12-27
24342,"Higgo, Garrick",kft,2025,0.992,0.343,0.17,0.081,0.398,9.71,-0.04,,,,2025-12-27
12965,"Fowler, Rickie",kft,2025,0.985,0.396,0.274,0.093,0.222,1.96,0.04,,,,2025-12-27
21891,"Kitayama, Kurt",kft,2025,0.979,0.477,0.552,0.096,-0.145,11.96,-0.03,,,,2025-12-27
21407,"Reitan, Kristoffer",kft,2025,0.925,0.623,0.07,-0.222,0.453,10.2,0,,,,2025-12-27
23602,"Hojgaard, Nicolai",kft,2025,0.913,0.53,0.469,-0.12,0.034,17.34,-0.04,,,,2025-12-27
27194,"Hall, Harry",kft,2025,0.91,-0.193,0.106,0.305,0.691,0.07,-0.03,,,,2025-12-27
21554,"Poston, J.T.",kft,2025,0.907,0.292,0.243,0.151,0.221,-5.14,0.07,,,,2025-12-27
23838,"Hojgaard, Rasmus",kft,2025,0.899,0.327,0.133,-0.017,0.456,13.33,-0.03,,,,2025-12-27
26096,"Bhatia, Akshay",kft,2025,0.89,0.194,0.576,-0.05,0.171,1.29,0.01,,,,2025-12-27
16841,"Lee, Min Woo",kft,2025,0.854,0.334,-0.067,0.315,0.272,11.69,-0.03,,,,2025-12-27
23841,"Neergaard-Petersen, Rasmus",kft,2025,0.843,0.519,0.441,-0.015,-0.102,5.89,0.03,,,,2025-12-27
18554,"Rai, Aaron",kft,2025,0.841,0.205,0.65,0.154,-0.168,-11.25,0.12,,,,2025-12-27
18103,"Bezuidenhout, Christiaan",kft,2025,0.832,-0.161,0.408,0.299,0.286,-11.51,0.05,,,,2025-12-27
17780,"Pendrith, Taylor",kft,2025,0.832,0.373,0.198,0.042,0.219,10.93,-0.02,,,,2025-12-27
14796,"Hatton, Tyrrell",kft,2025,0.812,0.024,0.612,0.064,0.111,3.9,-0.02,,,,2025-12-27
22465,"Penge, Marco",kft,2025,0.81,0.86,0.238,-0.201,-0.086,19.82,-0.03,,,,2025-12-27
27364,"Thompson, Davis",kft,2025,0.807,0.462,0.284,0.094,-0.033,4.13,0.04,,,,2025-12-27
6093,"Rose, Justin",kft,2025,0.803,0.207,0.427,0.058,0.111,1.88,0.01,,,,2025-12-27
29767,"Gerard, Ryan",kft,2025,0.785,0.361,0.626,0.108,-0.31,0.41,0.04,,,,2025-12-27
27774,"Gotterup, Chris",kft,2025,0.771,0.534,0.092,-0.012,0.157,15.67,-0.04,,,,2025-12-27
28635,"McCarty, Matt",kft,2025,0.76,0.178,0.148,0.089,0.345,-3.28,0.04,,,,2025-12-27
13900,"Lowry, Shane",kft,2025,0.755,0.046,0.641,-0.032,0.1,-0.75,0.02,,,,2025-12-27
22322,"McKibbin, Tom",kft,2025,0.749,0.457,0.137,-0.01,0.165,5.35,0.03,,,,2025-12-27
23505,"McGreevy, Max",kft,2025,0.723,0.504,0.205,0.011,0.002,-2.29,0.07,,,,2025-12-27
6430,"Scott, Adam",kft,2025,0.7,0.303,0.429,0.07,-0.101,7.96,-0.02,,,,2025-12-27
9771,"Day, Jason",kft,2025,0.687,0.032,0.023,0.304,0.328,-1.19,0.01,,,,2025-12-27
14636,"Spieth, Jordan",kft,2025,0.679,0.265,0.2,0.136,0.079,6.21,0,,,,2025-12-27
30445,"Ayora, Angel",kft,2025,0.677,0.502,0.303,-0.108,-0.02,12.4,0,,,,2025-12-27
19428,"Zalatoris, Will",kft,2025,0.656,0.3,0.553,0.046,-0.243,4.37,0,,,,2025-12-27
19396,"Knapp, Jake",kft,2025,0.648,0.504,-0.076,-0.049,0.268,12.72,-0.03,,,,2025-12-27
13412,"Olesen, Thorbjorn",kft,2025,0.639,0.243,0.25,0.035,0.11,1.7,0.01,,,,2025-12-27
28159,"Meissner, Mac",kft,2025,0.624,0.11,0.327,0.144,0.042,1.86,0.01,,,,2025-12-27
28984,"Puig, David",kft,2025,0.597,0.508,-0.109,-0.179,0.377,15.3,-0.05,,,,2025-12-27
17881,"Yu, Kevin",kft,2025,0.592,0.457,0.091,-0.062,0.106,7.86,0.01,,,,2025-12-27
23465,"Greyserman, Max",kft,2025,0.556,-0.024,0.066,0.185,0.329,7.56,-0.05,,,,2025-12-27
13764,"Parry, John",kft,2025,0.552,0.284,0.397,-0.004,-0.124,-3.3,0.04,,,,2025-12-27
25569,"Stevens, Sam",kft,2025,0.551,0.328,-0.059,0.179,0.103,5.33,0,,,,2025-12-27
28309,"Coody, Pierceson",kft,2025,0.544,0.59,0.044,-0.076,-0.014,13.08,-0.01,,,,2025-12-27
17606,"Berger, Daniel",kft,2025,0.541,0.431,0.419,-0.174,-0.134,0.58,0.07,,,,2025-12-27
13126,"Taylor, Nick",kft,2025,0.54,0.07,0.247,0.12,0.102,-5.76,0.05,,,,2025-12-27
23816,"Valimaki, Sami",kft,2025,0.52,-0.125,0.364,-0.115,0.395,-4.78,0.03,,,,2025-12-27
8825,"Harman, Brian",kft,2025,0.514,0.057,0.146,0.134,0.178,-3.63,0.04,,,,2025-12-27
14459,"An, Byeong Hun",kft,2025,0.514,0.365,0.069,0.17,-0.09,8,-0.04,,,,2025-12-27
23604,"Clark, Wyndham",kft,2025,0.509,-0.041,0.023,0.266,0.261,8.29,-0.05,,,,2025-12-27
18474,"Smalley, Alex",kft,2025,0.508,0.421,0.15,0.006,-0.069,4.89,0.02,,,,2025-12-27
19870,"McCarthy, Denny",kft,2025,0.501,-0.321,0.116,0.1,0.607,-6.66,0.01,,,,2025-12-27
17488,"Im, Sungjae",kft,2025,0.494,0.187,-0.26,0.438,0.129,-2.47,0.05,,,,2025-12-27
17365,"Mitchell, Keith",kft,2025,0.488,0.475,0.191,-0.09,-0.088,9.79,-0.01,,,,2025-12-27
12423,"Kirk, Chris",kft,2025,0.487,0.092,0.397,0.102,-0.104,-2.87,0.02,,,,2025-12-27
22833,"Echavarria, Nico",kft,2025,0.486,0.067,0.124,-0.048,0.343,-4.5,0.04,,,,2025-12-27
17543,"Kim, Michael",kft,2025,0.474,-0.2,0.423,0.031,0.219,-2.51,-0.02,,,,2025-12-27
7399,"Glover, Lucas",kft,2025,0.449,0.121,0.503,0.087,-0.263,-10.32,0.09,,,,2025-12-27
17538,"Homa, Max",kft,2025,0.443,0.064,0.182,0.019,0.178,1,0,,,,2025-12-27
25908,"Whaley, Vince",kft,2025,0.442,-0.152,0.051,0.22,0.323,3.34,-0.05,,,,2025-12-27
14181,"Detry, Thomas",kft,2025,0.432,0.108,0.096,0.014,0.214,6.17,-0.02,,,,2025-12-27
14735,"Ortiz, Carlos",kft,2025,0.418,0.164,0.201,0.151,-0.099,5.17,-0.01,,,,2025-12-27
18586,"Smith, Jordan",kft,2025,0.415,0.247,0.221,-0.047,-0.006,3.02,0.02,,,,2025-12-27
16283,"Rodgers, Patrick",kft,2025,0.396,0.297,0.041,0.096,-0.038,8.21,-0.02,,,,2025-12-27
24550,"Ghim, Doug",kft,2025,0.395,0.365,0.432,0.013,-0.415,1.26,0.04,,,,2025-12-27
21362,"Hillier, Daniel",kft,2025,0.388,0.311,0.086,-0.302,0.293,8.07,-0.01,,,,2025-12-27
12808,"Grillo, Emiliano",kft,2025,0.378,0.19,0.211,-0.155,0.131,-4.64,0.06,,,,2025-12-27
18079,"Niemann, Joaquin",kft,2025,0.374,0.296,0.078,0.043,-0.044,17,-0.05,,,,2025-12-27
23475,"Novak, Andrew",kft,2025,0.345,-0.085,0.136,0.089,0.205,-0.61,-0.01,,,,2025-12-27
20770,"Munoz, Sebastian",kft,2025,0.339,0.056,0.308,-0.027,0.003,-4.9,0.05,,,,2025-12-27
10104,"Power, Seamus",kft,2025,0.335,0.197,0.146,0.024,-0.032,-3.01,0.03,,,,2025-12-27
19729,"Kanaya, Takumi",kft,2025,0.32,0.205,-0.205,0.14,0.179,-9.29,0.1,,,,2025-12-27
20706,"Wallace, Matt",kft,2025,0.315,-0.164,0.178,0.247,0.054,-1.56,-0.01,,,,2025-12-27
14838,"Reed, Patrick",kft,2025,0.303,-0.159,0.312,0.117,0.033,-2.65,-0.01,,,,2025-12-27
20722,"Schmid, Matti",kft,2025,0.3,0.239,-0.006,-0.144,0.211,8.67,-0.03,,,,2025-12-27
29770,"Mouw, William",kft,2025,0.281,0.226,-0.037,0.003,0.089,6.2,-0.01,,,,2025-12-27
7334,"Watson, Bubba",kft,2025,0.26,0.429,-0.099,-0.092,0.023,7.06,0.01,,,,2025-12-27
11889,"Fox, Ryan",kft,2025,0.254,0.025,0.191,0.009,0.03,6.59,-0.06,,,,2025-12-27
15310,"Li, Haotong",kft,2025,0.251,0.237,0.191,-0.22,0.042,7.3,-0.02,,,,2025-12-27
20730,"Perez, Victor",kft,2025,0.25,-0.014,0.244,-0.118,0.138,-0.06,0.01,,,,2025-12-27
29433,"Bridgeman, Jacob",kft,2025,0.223,-0.079,-0.062,0.138,0.227,0.77,-0.01,,,,2025-12-27
26657,"Fisk, Steven",kft,2025,0.198,0.252,0.067,0.081,-0.201,6.94,-0.01,,,,2025-12-27
21756,"Cole, Eric",kft,2025,0.192,-0.459,0.185,0.169,0.297,-3.13,-0.03,,,,2025-12-27
27819,"Castillo, Ricky",kft,2025,0.19,0.229,-0.072,0.03,0.003,7.27,-0.01,,,,2025-12-27
26850,"Svensson, Jesper",kft,2025,0.187,0.55,0.052,-0.087,-0.327,14.23,-0.03,,,,2025-12-27
26193,"Ding, Wenyi",kft,2025,0.184,0.366,-0.196,-0.03,0.044,2.58,0.01,,,,2025-12-27
14013,"Tringale, Cameron",kft,2025,0.181,-0.199,0.085,0.11,0.185,-4.38,0.02,,,,2025-12-27
15651,"Ventura, Kris",kft,2025,0.178,0.2,-0.113,-0.099,0.19,5.27,0,,,,2025-12-27
11276,"Horschel, Billy",kft,2025,0.173,-0.186,0.055,0.086,0.219,-2.92,-0.01,,,,2025-12-27
23014,"Theegala, Sahith",kft,2025,0.167,-0.025,0.152,0.063,-0.024,3.87,-0.03,,,,2025-12-27
23482,"Sigg, Greyson",kft,2025,0.157,-0.01,0.326,0.061,-0.221,-7.11,0.04,,,,2025-12-27
28473,"Ballester, Jose Luis",kft,2025,0.154,0.551,-0.186,-0.318,0.107,15.19,-0.05,,,,2025-12-27
11952,"Grace, Branden",kft,2025,0.15,-0.03,0.231,0.065,-0.116,-5.98,0.02,,,,2025-12-27
26653,"Eckroat, Austin",kft,2025,0.137,0.203,0.24,-0.262,-0.044,0.89,0.03,,,,2025-12-27
7649,"Leishman, Marc",kft,2025,0.13,-0.195,0.274,0.053,-0.002,-1.91,-0.02,,,,2025-12-27
14502,"Cauley, Bud",kft,2025,0.13,-0.022,0.125,0.031,-0.004,-3.41,0.03,,,,2025-12-27
7672,"Oosthuizen, Louis",kft,2025,0.128,0.135,0.01,0.062,-0.079,-9.57,0.07,,,,2025-12-27
6892,"Howell III, Charles",kft,2025,0.127,0.117,-0.014,0.102,-0.078,0.67,0,,,,2025-12-27
22002,"Dumont De Chassart, Adrien",kft,2025,0.125,0.119,-0.081,-0.026,0.114,6.1,-0.04,,,,2025-12-27
14792,"Saddier, Adrien",kft,2025,0.119,0.147,0.098,-0.016,-0.11,-1.72,0.04,,,,2025-12-27
13944,"Pieters, Thomas",kft,2025,0.108,0.029,0.08,0.038,-0.039,3.8,-0.03,,,,2025-12-27
17381,"Silverman, Ben",kft,2025,0.107,0.051,-0.146,0.038,0.163,-6.42,0.03,,,,2025-12-27
20766,"Brown, Daniel",kft,2025,0.105,0.041,0.177,-0.183,0.07,-4.11,0.03,,,,2025-12-27
15856,"Smith, Cameron",kft,2025,0.099,-0.462,-0.216,0.416,0.362,-1.37,-0.06,,,,2025-12-27
6169,"Kuchar, Matt",kft,2025,0.091,-0.341,0.054,0.19,0.188,-16.95,0.07,,,,2025-12-27
25094,"Fishburn, Patrick",kft,2025,0.09,0.087,0.019,-0.077,0.061,4.1,-0.02,,,,2025-12-27
18238,"Ancer, Abraham",kft,2025,0.089,0.093,0.072,-0.144,0.069,-8.5,0.08,,,,2025-12-27
15556,"Hughes, Mackenzie",kft,2025,0.082,-0.216,-0.152,0.24,0.21,0.38,-0.03,,,,2025-12-27
14795,"Canter, Laurie",kft,2025,0.079,0.517,-0.124,-0.163,-0.151,4.06,0.03,,,,2025-12-27
12577,"Woodland, Gary",kft,2025,0.078,0.234,0.14,-0.304,0.009,8.08,0,,,,2025-12-27
15470,"Hossler, Beau",kft,2025,0.062,-0.203,-0.301,0.297,0.269,-0.23,-0.04,,,,2025-12-27
25157,"Hodges, Lee",kft,2025,0.06,-0.027,0.201,-0.032,-0.082,-3.94,0.03,,,,2025-12-27
26745,"Chacarra, Eugenio",kft,2025,0.055,0.19,-0.132,-0.038,0.036,5.39,-0.02,,,,2025-12-27
22736,"Rosenmueller, Thomas",kft,2025,0.051,0.292,0.291,-0.214,-0.319,4.64,0.01,,,,2025-12-27
21074,"Nakajima, Keita",kft,2025,0.045,0.072,-0.076,-0.14,0.189,-0.99,0.02,,,,2025-12-27
20085,"Lindell, Oliver",kft,2025,0.04,-0.242,0.441,-0.041,-0.118,-4.75,0,,,,2025-12-27
16333,"Hubbard, Mark",kft,2025,0.036,-0.076,-0.004,0.006,0.11,-4.25,0.02,,,,2025-12-27
18105,"Lawrence, Thriston",kft,2025,0.024,0.127,0.175,-0.192,-0.086,-1.49,0.02,,,,2025-12-27
11049,"Simpson, Webb",kft,2025,0.022,-0.096,-0.035,0.247,-0.094,-0.15,0,,,,2025-12-27
13508,"Vegas, Jhonattan",kft,2025,0.017,0.114,0.194,-0.042,-0.248,6.93,-0.04,,,,2025-12-27
24200,"Smylie, Elvis",kft,2025,0.009,-0.073,-0.162,0.063,0.181,0.76,-0.01,,,,2025-12-27
15326,"Sullivan, Andy",kft,2025,0.007,-0.197,0.053,0.025,0.126,-10.96,0.05,,,,2025-12-27
21880,"Cone, Trevor",kft,2025,0.003,0.436,-0.05,-0.166,-0.216,10.95,-0.02,,,,2025-12-27
19840,"Ramey, Chad",kft,2025,0.001,0.073,-0.191,0.001,0.117,-3.46,0.03,,,,2025-12-27
25002,"Wu, Dylan",kft,2025,-0.005,0.02,-0.005,0.042,-0.061,-1.72,0.01,,,,2025-12-27
16243,"Koepka, Brooks",kft,2025,-0.018,0.16,0.014,-0.069,-0.123,5.28,-0.03,,,,2025-12-27
17639,"Blair, Zac",kft,2025,-0.028,-0.229,0.342,-0.003,-0.138,-16.53,0.06,,,,2025-12-27
24766,"Kim, Tom",kft,2025,-0.039,-0.314,-0.043,0.16,0.157,-4.44,0.01,,,,2025-12-27
30463,"Surratt, Caleb",kft,2025,-0.045,0.259,-0.199,-0.299,0.194,11.49,-0.04,,,,2025-12-27
29971,"Bradbury, Dan",kft,2025,-0.053,0.188,0.336,-0.391,-0.185,-0.67,0.05,,,,2025-12-27
14424,"Burmester, Dean",kft,2025,-0.053,0.238,-0.186,0.02,-0.125,15.95,-0.08,,,,2025-12-27
5689,"Garcia, Sergio",kft,2025,-0.07,0.292,-0.177,-0.037,-0.148,0.25,0.05,,,,2025-12-27
21646,"Ferguson, Ewen",kft,2025,-0.07,0.104,-0.059,-0.211,0.095,-5.35,0.06,,,,2025-12-27
27900,"Potgieter, Aldrich",kft,2025,-0.094,0.499,-0.153,-0.321,-0.12,22.04,-0.06,,,,2025-12-27
17064,"Herbert, Lucas",kft,2025,-0.1,0.103,-0.312,0.018,0.091,7.36,-0.05,,,,2025-12-27
32330,"Clanton, Luke",kft,2025,-0.101,0.247,0.044,-0.224,-0.169,7.97,-0.02,,,,2025-12-27
16395,"Kohles, Ben",kft,2025,-0.102,0.121,0.417,-0.124,-0.516,-8.53,0.09,,,,2025-12-27
18424,"Roy, Kevin",kft,2025,-0.121,0.119,-0.18,-0.045,-0.014,2.01,0.02,,,,2025-12-27
15004,"Kim, Chan",kft,2025,-0.127,-0.01,0.127,0.08,-0.325,-1.09,0.01,,,,2025-12-27
17032,"Tosti, Alejandro",kft,2025,-0.128,0.276,-0.105,-0.022,-0.277,11.69,-0.05,,,,2025-12-27
18580,"Gooch, Talor",kft,2025,-0.131,-0.285,0.166,-0.007,-0.005,-6.83,0.04,,,,2025-12-27
17813,"Armitage, Marcus",kft,2025,-0.144,-0.273,0.291,0.091,-0.252,-7.75,0.01,,,,2025-12-27
27183,"Salinda, Isaiah",kft,2025,-0.154,0.412,-0.026,-0.141,-0.399,9,0,,,,2025-12-27
7108,"Casey, Paul",kft,2025,-0.16,-0.076,0.09,-0.041,-0.133,-3.75,0.04,,,,2025-12-27
7398,"Schwartzel, Charl",kft,2025,-0.174,-0.43,0.002,0.08,0.174,-3.98,-0.02,,,,2025-12-27
28157,"Vaillant, Tom",kft,2025,-0.175,-0.133,-0.228,-0.003,0.19,-1.82,-0.01,,,,2025-12-27
10158,"Luiten, Joost",kft,2025,-0.179,0.077,-0.134,-0.232,0.109,-6.06,0.05,,,,2025-12-27
15475,"Pan, C.T.",kft,2025,-0.204,-0.141,-0.101,0.171,-0.133,-6.92,0.04,,,,2025-12-27
13997,"Svensson, Adam",kft,2025,-0.205,-0.227,0.23,0.129,-0.337,-7.68,0.03,,,,2025-12-27
11676,"Finau, Tony",kft,2025,-0.216,-0.321,-0.037,0.183,-0.04,3.7,-0.04,,,,2025-12-27
20084,"Lindberg, Mikael",kft,2025,-0.218,0.359,-0.484,-0.148,0.055,15.68,-0.07,,,,2025-12-27
24837,"Goodwin, Noah",kft,2025,-0.221,0.005,-0.226,-0.034,0.034,-3.41,0.04,,,,2025-12-27
14987,"Laporta, Francesco",kft,2025,-0.224,0.106,-0.108,0.021,-0.242,-5.03,0.05,,,,2025-12-27
21995,"Springer, Hayden",kft,2025,-0.23,0.015,-0.33,-0.062,0.147,6.42,-0.05,,,,2025-12-27
7655,"Molinari, Francesco",kft,2025,-0.236,0.09,0.143,-0.114,-0.354,-6.84,0.06,,,,2025-12-27
22760,"Hisatsune, Ryo",kft,2025,-0.238,0.003,-0.041,-0.006,-0.195,-1.87,0.01,,,,2025-12-27
27164,"Phillips, Chandler",kft,2025,-0.244,-0.37,-0.15,0.138,0.138,-5.32,0,,,,2025-12-27
21688,"Kim, S.H.",kft,2025,-0.245,0.026,-0.54,0.018,0.252,1.56,0,,,,2025-12-27
31343,"Ford, David",kft,2025,-0.257,0.454,-0.263,-0.187,-0.261,-0.65,0.06,,,,2025-12-27
15676,"Norgaard, Niklas",kft,2025,-0.268,0.283,-0.455,-0.259,0.163,14.38,-0.06,,,,2025-12-27
26947,"Jarvis, Casey",kft,2025,-0.269,-0.026,-0.059,-0.225,0.041,-1.25,0,,,,2025-12-27
18770,"Rozner, Antoine",kft,2025,-0.275,-0.09,0.03,-0.156,-0.06,4.18,-0.02,,,,2025-12-27
14509,"Dahmen, Joel",kft,2025,-0.284,0.139,-0.048,-0.099,-0.276,-6.19,0.07,,,,2025-12-27
17550,"Van Rooyen, Erik",kft,2025,-0.297,0.067,-0.101,-0.003,-0.258,3.57,-0.03,,,,2025-12-27
29279,"Suber, Jackson",kft,2025,-0.297,-0.049,-0.137,-0.108,-0.004,3.67,-0.04,,,,2025-12-27
12422,"Johnson, Dustin",kft,2025,-0.308,-0.058,-0.003,-0.245,-0.003,4.05,-0.02,,,,2025-12-27
25362,"Fitzpatrick, Alex",kft,2025,-0.31,-0.214,-0.239,0.113,0.03,-2.76,-0.01,,,,2025-12-27
14559,"Vincent, Scott",kft,2025,-0.316,-0.022,-0.297,-0.157,0.159,-1.29,0.01,,,,2025-12-27
27820,"Pak, John",kft,2025,-0.318,-0.082,0.066,-0.04,-0.262,-10.46,0.06,,,,2025-12-27
10943,"Lashley, Nate",kft,2025,-0.321,-0.181,0.014,-0.017,-0.137,-6.2,0.01,,,,2025-12-27
12669,"Lahiri, Anirban",kft,2025,-0.329,-0.112,-0.22,0.048,-0.047,-4.96,0.02,,,,2025-12-27
16394,"Jaeger, Stephan",kft,2025,-0.33,-0.655,-0.083,0.236,0.171,3.13,-0.08,,,,2025-12-27
21944,"Moore, Taylor",kft,2025,-0.339,-0.199,-0.299,0.136,0.023,4.16,-0.04,,,,2025-12-27
24185,"Mansell, Richard",kft,2025,-0.34,0.242,-0.15,-0.053,-0.379,6.57,-0.02,,,,2025-12-27
16715,"Ryder, Sam",kft,2025,-0.347,-0.25,-0.177,-0.094,0.173,-3.32,-0.01,,,,2025-12-27
13965,"Hadwin, Adam",kft,2025,-0.351,-0.059,-0.298,-0.048,0.054,-1.5,0,,,,2025-12-27
27811,"Couvra, Martin",kft,2025,-0.356,-0.086,-0.061,-0.083,-0.126,-3.6,0.01,,,,2025-12-27
14016,"Campillo, Jorge",kft,2025,-0.356,-0.38,0.057,0.124,-0.158,-4.54,-0.01,,,,2025-12-27
20727,"Coussaud, Ugo",kft,2025,-0.369,-0.118,-0.24,-0.158,0.147,3.6,-0.06,,,,2025-12-27
16475,"Forrest, Grant",kft,2025,-0.374,-0.079,-0.335,-0.137,0.177,6.25,-0.07,,,,2025-12-27
8820,"Snedeker, Brandt",kft,2025,-0.384,-0.472,-0.092,0.072,0.108,-18.2,0.06,,,,2025-12-27
14780,"Lagergren, Joakim",kft,2025,-0.384,-0.275,-0.138,-0.165,0.194,1.79,-0.07,,,,2025-12-27
6516,"Bland, Richard",kft,2025,-0.388,-0.415,-0.008,0.058,-0.023,-13.58,0.04,,,,2025-12-27
27780,"Crowe, Trace",kft,2025,-0.401,-0.247,-0.174,0.011,0.009,4.15,-0.06,,,,2025-12-27
14704,"Putnam, Andrew",kft,2025,-0.408,-0.77,-0.137,0.271,0.227,-22.52,0.08,,,,2025-12-27
15980,"Lipsky, David",kft,2025,-0.411,-0.325,0.002,0.028,-0.116,-10.27,0.03,,,,2025-12-27
23733,"LaCroix, Frederic",kft,2025,-0.413,0.082,-0.036,-0.132,-0.328,0.7,0.01,,,,2025-12-27
15229,"Stone, Brandon",kft,2025,-0.414,0.133,-0.128,-0.143,-0.276,4.23,-0.01,,,,2025-12-27
27996,"Cummins, Quade",kft,2025,-0.416,-0.001,-0.327,-0.128,0.04,2.37,-0.03,,,,2025-12-27
23542,"Champ, Cameron",kft,2025,-0.418,0.454,-0.39,-0.312,-0.17,17.11,-0.02,,,,2025-12-27
17723,"Lower, Justin",kft,2025,-0.418,-0.1,-0.07,-0.108,-0.14,-5.01,0.01,,,,2025-12-27
11451,"Garnett, Brice",kft,2025,-0.422,-0.147,-0.25,-0.004,-0.022,-12.77,0.08,,,,2025-12-27
22259,"Del Rey, Alejandro",kft,2025,-0.422,-0.08,-0.294,-0.036,-0.013,11.97,-0.09,,,,2025-12-27
19477,"Schenk, Adam",kft,2025,-0.426,-0.064,-0.113,-0.154,-0.094,1.81,-0.03,,,,2025-12-27
12522,"Schneider, Marcel",kft,2025,-0.432,-0.235,-0.298,0.045,0.056,-3.03,-0.02,,,,2025-12-27
23656,"Young, Carson",kft,2025,-0.432,-0.023,-0.05,-0.237,-0.122,-6.94,0.05,,,,2025-12-27
25601,"Jordan, Matthew",kft,2025,-0.432,-0.24,-0.328,0.021,0.116,-2.58,-0.03,,,,2025-12-27
15575,"Hoge, Tom",kft,2025,-0.439,-0.393,0.169,0.001,-0.216,-5.16,-0.01,,,,2025-12-27
24497,"Robinson Thompson, Brandon",kft,2025,-0.44,-0.197,-0.254,-0.014,0.026,-1.93,0,,,,2025-12-27
12337,"Kokrak, Jason",kft,2025,-0.452,-0.024,-0.262,-0.205,0.039,2.31,-0.01,,,,2025-12-27
25611,"Olesen, Jacob Skov",kft,2025,-0.457,-0.273,-0.251,-0.089,0.155,-2.68,-0.02,,,,2025-12-27
13470,"Kizzire, Patton",kft,2025,-0.478,-0.534,-0.114,0.257,-0.087,-5.57,-0.03,,,,2025-12-27
9531,"Wiesberger, Bernd",kft,2025,-0.483,-0.217,0.26,0.035,-0.562,-8.66,0.02,,,,2025-12-27
6986,"Johnson, Zach",kft,2025,-0.49,-0.411,-0.161,0.001,0.081,-17.01,0.08,,,,2025-12-27
25771,"Furr, Wilson",kft,2025,-0.498,0.022,-0.382,-0.069,-0.068,7.89,-0.04,,,,2025-12-27
14698,"Bramlett, Joseph",kft,2025,-0.515,0.091,-0.058,0.077,-0.625,11.61,-0.06,,,,2025-12-27
25442,"Montgomery, Taylor",kft,2025,-0.522,-0.939,-0.434,0.245,0.606,-2.46,-0.1,,,,2025-12-27
11657,"Norlander, Henrik",kft,2025,-0.525,-0.286,0.217,-0.136,-0.321,-9.82,0.03,,,,2025-12-27
16602,"Varner III, Harold",kft,2025,-0.528,-0.083,-0.098,-0.013,-0.335,4.37,-0.03,,,,2025-12-27
26008,"Elvira, Manuel",kft,2025,-0.53,-0.14,-0.034,-0.203,-0.153,-0.29,-0.03,,,,2025-12-27
22608,"Clements, Todd",kft,2025,-0.531,-0.24,0.082,-0.146,-0.229,-0.33,-0.04,,,,2025-12-27
25131,"Hill, Calum",kft,2025,-0.545,-0.568,-0.543,0.038,0.529,-3.13,-0.06,,,,2025-12-27
10201,"Guerrier, Julien",kft,2025,-0.551,-0.178,-0.382,-0.022,0.03,-1.29,-0.01,,,,2025-12-27
15592,"Girrbach, Joel",kft,2025,-0.551,0.146,-0.243,-0.308,-0.146,-8.17,0.08,,,,2025-12-27
17786,"Davis, Cam",kft,2025,-0.561,-0.236,-0.257,-0.064,-0.005,2.76,-0.05,,,,2025-12-27
9586,"Laird, Martin",kft,2025,-0.562,-0.265,-0.193,0.027,-0.132,-6.03,0.01,,,,2025-12-27
11460,"Manassero, Matteo",kft,2025,-0.57,-0.731,0.119,0.201,-0.159,-12.54,0,,,,2025-12-27
17747,"Halvorsen, Andreas",kft,2025,-0.579,0.013,-0.43,-0.288,0.125,1.88,-0.02,,,,2025-12-27
18761,"Mullinax, Trey",kft,2025,-0.579,-0.127,-0.118,-0.169,-0.165,9.4,-0.08,,,,2025-12-27
14007,"Martin, Ben",kft,2025,-0.587,-0.266,-0.163,-0.059,-0.099,-7.48,0.02,,,,2025-12-27
15330,"Griffin, Lanto",kft,2025,-0.594,-0.283,-0.187,-0.119,-0.005,-3.67,0.01,,,,2025-12-27
10873,"Skinns, David",kft,2025,-0.598,-0.143,0.003,-0.128,-0.329,2.49,-0.03,,,,2025-12-27
11357,"Uihlein, Peter",kft,2025,-0.605,-0.697,-0.159,0.125,0.126,10.68,-0.16,,,,2025-12-27
18027,"Kimsey, Nathan",kft,2025,-0.611,0.135,-0.477,-0.077,-0.192,-3.41,0.05,,,,2025-12-27
25363,"Buckley, Hayden",kft,2025,-0.622,0.076,-0.129,-0.207,-0.361,-0.21,0.02,,,,2025-12-27
28270,"Dunlap, Nick",kft,2025,-0.623,-0.865,0.01,0.051,0.18,0.08,-0.1,,,,2025-12-27
27258,"Schmidt, Ben",kft,2025,-0.647,-0.002,-0.371,-0.382,0.109,-2.15,0.01,,,,2025-12-27
7049,"Sterne, Richard",kft,2025,-0.647,-0.131,-0.01,-0.146,-0.36,-5.72,0.03,,,,2025-12-27
26506,"De Leo, Gregorio",kft,2025,-0.649,-0.019,-0.266,-0.244,-0.119,-1.78,0,,,,2025-12-27
7033,"Molinari, Edoardo",kft,2025,-0.656,-0.355,-0.39,0.024,0.065,-13.67,0.04,,,,2025-12-27
24304,"Vilips, Karl",kft,2025,-0.657,-0.204,-0.185,-0.079,-0.188,5.64,-0.06,,,,2025-12-27
22050,"Suh, Justin",kft,2025,-0.659,-0.185,-0.488,-0.13,0.145,0.71,0,,,,2025-12-27
18628,"Campbell, Brian",kft,2025,-0.663,-0.697,-0.291,0.074,0.25,-22.43,0.07,,,,2025-12-27
5994,"Stenson, Henrik",kft,2025,-0.67,0.074,0.119,-0.187,-0.677,-9.96,0.1,,,,2025-12-27
19960,"Pavon, Matthieu",kft,2025,-0.673,0.037,-0.346,-0.27,-0.095,-1.19,0.02,,,,2025-12-27
28615,"Bairstow, Sam",kft,2025,-0.676,0.026,-0.479,-0.174,-0.049,4.3,0,,,,2025-12-27
22535,"Norrman, Vincent",kft,2025,-0.681,0.178,-0.036,-0.233,-0.589,9.69,-0.02,,,,2025-12-27
19538,"Vincent, Kieran",kft,2025,-0.684,0.373,-0.65,-0.269,-0.139,13.69,-0.04,,,,2025-12-27
24369,"Kobori, Kazuma",kft,2025,-0.693,-0.385,-0.387,0.03,0.049,-20.82,0.1,,,,2025-12-27
22087,"Paul, Jeremy",kft,2025,-0.697,-0.367,-0.36,0.014,0.016,0.05,-0.05,,,,2025-12-27
19190,"Hoshino, Rikuya",kft,2025,-0.702,-0.192,-0.546,-0.149,0.185,-1.65,0,,,,2025-12-27
14775,"Bjork, Alexander",kft,2025,-0.709,-0.566,-0.291,-0.086,0.235,-17.83,0.06,,,,2025-12-27
5768,"Hoffman, Charley",kft,2025,-0.711,-0.101,-0.05,-0.047,-0.513,0.36,-0.01,,,,2025-12-27
19948,"Taylor, Ben",kft,2025,-0.715,-0.47,-0.396,0.066,0.085,-2.08,-0.05,,,,2025-12-27
19738,"Dougherty, Kevin",kft,2025,-0.721,0.327,-0.487,-0.227,-0.333,12.64,-0.05,,,,2025-12-27
19865,"Hardy, Nick",kft,2025,-0.727,-0.04,-0.185,-0.258,-0.244,4.9,-0.03,,,,2025-12-27
26660,"Gordon, Will",kft,2025,-0.732,0.017,-0.238,-0.225,-0.286,7.88,-0.03,,,,2025-12-27
20448,"Katsuragawa, Yuto",kft,2025,-0.738,-0.14,-0.27,-0.059,-0.27,-6.81,0.03,,,,2025-12-27
12988,"Elvira Mijares, Ignacio",kft,2025,-0.742,-0.401,-0.276,-0.034,-0.031,-10.16,0,,,,2025-12-27
16341,"Peterson, Paul",kft,2025,-0.744,-0.663,-0.241,0.055,0.104,-23.51,0.09,,,,2025-12-27
12177,"Pavan, Andrea",kft,2025,-0.747,-0.527,-0.222,-0.004,0.007,-8.73,-0.01,,,,2025-12-27
12321,"Aphibarnrat, Kiradech",kft,2025,-0.76,-0.23,-0.418,-0.059,-0.053,-5.24,-0.01,,,,2025-12-27
16897,"Lombard, Zander",kft,2025,-0.761,-0.366,-0.034,0.074,-0.434,-1.48,-0.04,,,,2025-12-27
22089,"Syme, Connor",kft,2025,-0.782,-0.225,-0.133,-0.305,-0.118,-3.42,-0.01,,,,2025-12-27
15680,"Winther, Jeff",kft,2025,-0.785,-0.491,-0.405,-0.176,0.288,-14.42,0.03,,,,2025-12-27
14196,"Meronk, Adrian",kft,2025,-0.789,-0.238,-0.635,-0.167,0.252,4.94,-0.06,,,,2025-12-27
19872,"Riley, Davis",kft,2025,-0.796,-0.535,-0.468,0.112,0.096,2.15,-0.07,,,,2025-12-27
11396,"Ramsay, Richie",kft,2025,-0.809,-0.461,-0.138,-0.124,-0.085,-15.43,0.05,,,,2025-12-27
7960,"List, Luke",kft,2025,-0.814,-0.04,-0.394,-0.14,-0.241,1.84,0,,,,2025-12-27
14975,"Otaegui, Adrian",kft,2025,-0.815,-0.286,-0.225,-0.003,-0.301,-17.46,0.09,,,,2025-12-27
10418,"Lemke, Niklas",kft,2025,-0.818,-0.366,-0.191,-0.024,-0.238,-1.37,-0.04,,,,2025-12-27
11019,"Steele, Brendan",kft,2025,-0.827,-0.07,-0.175,-0.127,-0.454,2.33,0.01,,,,2025-12-27
11397,"Jamieson, Scott",kft,2025,-0.832,-0.136,-0.386,-0.185,-0.125,-3.89,-0.01,,,,2025-12-27
23610,"Crocker, Sean",kft,2025,-0.835,-0.099,-0.054,-0.268,-0.414,1.11,0,,,,2025-12-27
32550,"Bryant, Davis",kft,2025,-0.835,-0.352,-0.209,-0.049,-0.225,-12.16,0.04,,,,2025-12-27
18635,"Shelton, Robby",kft,2025,-0.839,-0.655,-0.302,0.117,0,-7.75,-0.03,,,,2025-12-27
17357,"Migliozzi, Guido",kft,2025,-0.84,-0.598,-0.398,0.137,0.019,-4.93,-0.04,,,,2025-12-27
23416,"Ravetto, David",kft,2025,-0.853,-0.032,-0.588,-0.145,-0.088,4.05,-0.01,,,,2025-12-27
16652,"Langasque, Romain",kft,2025,-0.86,-0.457,-0.602,0.029,0.171,-1.95,-0.05,,,,2025-12-27
25003,"Walker, Danny",kft,2025,-0.885,-0.315,-0.528,-0.12,0.078,5.24,-0.06,,,,2025-12-27
15596,"Cockerill, Aaron",kft,2025,-0.885,-0.269,-0.4,-0.155,-0.06,-6.29,0.01,,,,2025-12-27
19899,"Rottluff, Max",kft,2025,-0.888,-0.24,-0.564,-0.132,0.046,1.45,-0.04,,,,2025-12-27
14973,"Levy, Alexander",kft,2025,-0.888,-0.195,-0.576,-0.113,-0.005,-4.15,0.01,,,,2025-12-27
7457,"Cabrera Bello, Rafa",kft,2025,-0.895,-0.473,-0.44,-0.098,0.117,-8.73,-0.01,,,,2025-12-27
20353,"Whitney, Tom",kft,2025,-0.895,-0.133,-0.107,-0.218,-0.438,-4.79,0.01,,,,2025-12-27
28469,"Highsmith, Joe",kft,2025,-0.909,-0.217,-0.426,-0.075,-0.191,-0.34,-0.02,,,,2025-12-27
19208,"Endycott, Harrison",kft,2025,-0.915,-0.402,-0.416,-0.05,-0.047,-7.77,0,,,,2025-12-27
9171,"Villegas, Camilo",kft,2025,-0.92,-0.707,-0.192,0.042,-0.063,-10.44,-0.04,,,,2025-12-27
18187,"Duncan, Tyler",kft,2025,-0.925,-0.137,-0.436,-0.135,-0.217,-8.17,0.04,,,,2025-12-27
22231,"Von Dellingshausen, Nicolai",kft,2025,-0.927,-0.263,-0.508,-0.062,-0.094,0.45,-0.04,,,,2025-12-27
13374,"Van Driel, Darius",kft,2025,-0.93,-0.2,-0.402,-0.136,-0.192,-10.72,0.04,,,,2025-12-27
27762,"Velo, Kevin",kft,2025,-0.941,-0.193,-0.359,-0.11,-0.28,-3.39,0.01,,,,2025-12-27
13367,"Merritt, Troy",kft,2025,-0.942,-0.395,-0.423,-0.068,-0.056,-7.47,-0.01,,,,2025-12-27
7548,"McDowell, Graeme",kft,2025,-0.952,-0.429,-0.164,-0.128,-0.231,-13.31,0.03,,,,2025-12-27
14784,"Law, David",kft,2025,-0.955,-0.153,-0.58,-0.088,-0.134,1.4,-0.03,,,,2025-12-27
18722,"Gouveia, Ricardo",kft,2025,-0.957,0.043,-0.405,-0.317,-0.277,-0.62,0,,,,2025-12-27
18524,"Catlin, John",kft,2025,-0.964,-0.064,-0.385,-0.158,-0.356,-6.31,0.05,,,,2025-12-27
13127,"Tway, Kevin",kft,2025,-0.965,-0.227,-0.629,-0.082,-0.027,2.32,-0.04,,,,2025-12-27
30892,"Riedel, Matthew",kft,2025,-0.965,-0.038,-0.438,-0.283,-0.206,3.16,-0.02,,,,2025-12-27
16896,"Kruyswijk, Jacques",kft,2025,-0.967,-0.501,-0.451,0.045,-0.06,-5.8,-0.01,,,,2025-12-27
14140,"Higgs, Harry",kft,2025,-0.969,-0.212,-0.396,-0.257,-0.104,2.59,-0.04,,,,2025-12-27
7489,"Moore, Ryan",kft,2025,-0.985,-0.403,-0.229,0.005,-0.358,-14.66,0.07,,,,2025-12-27
15115,"Senior, Jack",kft,2025,-0.989,-0.548,-0.509,-0.137,0.204,-12.86,0.03,,,,2025-12-27
24127,"Hidalgo Portillo, Angel",kft,2025,-0.991,0.002,-0.411,-0.238,-0.344,-3.09,0.01,,,,2025-12-27
25588,"Wilson, Andrew",kft,2025,-1.008,-0.114,-0.493,-0.285,-0.116,-4.91,0.02,,,,2025-12-27
23540,"Andersen, Mason",kft,2025,-1.023,-0.391,-0.612,0.018,-0.038,-4.91,-0.03,,,,2025-12-27
20522,"Veerman, Johannes",kft,2025,-1.027,-0.442,-0.284,-0.07,-0.231,0.94,-0.06,,,,2025-12-27
15113,"Pepperell, Eddie",kft,2025,-1.036,-0.642,-0.164,-0.151,-0.079,-18.69,0.05,,,,2025-12-27
7677,"Norris, Shaun",kft,2025,-1.037,-0.522,-0.652,-0.119,0.256,-6.84,-0.01,,,,2025-12-27
18514,"Kinhult, Marcus",kft,2025,-1.051,-0.275,-0.667,-0.157,0.048,-4.75,-0.01,,,,2025-12-27
11763,"Wu, Ashun",kft,2025,-1.052,-0.59,-0.487,-0.006,0.031,-11.85,0,,,,2025-12-27
21875,"Widing, Tim",kft,2025,-1.056,-0.065,-0.568,-0.261,-0.163,9.3,-0.06,,,,2025-12-27
1547,"Mickelson, Phil",kft,2025,-1.059,-0.522,-0.241,-0.041,-0.255,-4.69,-0.04,,,,2025-12-27
18517,"Soderberg, Sebastian",kft,2025,-1.064,-0.514,-0.065,-0.212,-0.273,-1.86,-0.05,,,,2025-12-27
21412,"Capan III, Frankie",kft,2025,-1.065,-0.87,-0.58,0.073,0.312,-1.23,-0.11,,,,2025-12-27
14926,"Malnati, Peter",kft,2025,-1.071,-0.841,-0.501,0.148,0.123,-3.73,-0.1,,,,2025-12-27
22168,"Brown, Hamish",kft,2025,-1.074,-0.298,-0.345,-0.194,-0.237,3.3,-0.06,,,,2025-12-27
13089,"Nemecz, Lukas",kft,2025,-1.087,-0.311,-0.483,-0.028,-0.265,-9.25,0.02,,,,2025-12-27
17266,"Yuan, Carl",kft,2025,-1.09,-0.093,-0.572,-0.136,-0.288,4.65,-0.04,,,,2025-12-27
27597,"Ogletree, Andy",kft,2025,-1.109,-0.305,-0.789,-0.138,0.122,-1.21,-0.02,,,,2025-12-27
19866,"Horsfield, Sam",kft,2025,-1.119,-0.405,-0.399,-0.344,0.029,0.84,-0.04,,,,2025-12-27
24093,"Williams, Robin",kft,2025,-1.12,-0.128,-0.665,-0.167,-0.159,6.11,-0.05,,,,2025-12-27
18244,"Shinkwin, Callum",kft,2025,-1.125,0.23,-0.532,-0.344,-0.48,4.49,-0.02,,,,2025-12-27
25888,"Germishuys, Deon",kft,2025,-1.131,-0.396,-0.488,-0.133,-0.114,-16.01,0.05,,,,2025-12-27
22897,"Ahlawat, Veer",kft,2025,-1.134,-0.222,-0.565,-0.224,-0.123,-4.01,0.01,,,,2025-12-27
12317,"Kieffer, Max",kft,2025,-1.141,-0.124,-0.684,-0.043,-0.29,-9.92,0.05,,,,2025-12-27
8480,"Streelman, Kevin",kft,2025,-1.144,-0.365,-0.352,-0.201,-0.225,-8.61,0.01,,,,2025-12-27
12734,"Scrivener, Jason",kft,2025,-1.146,-0.587,-0.472,-0.126,0.04,-13.43,0.02,,,,2025-12-27
11328,"Kisner, Kevin",kft,2025,-1.148,-0.62,-0.671,0.048,0.095,-16.55,0.02,,,,2025-12-27
8117,"Kaymer, Martin",kft,2025,-1.149,-0.798,-0.171,-0.191,0.011,-12.69,-0.02,,,,2025-12-27
4052,"Westwood, Lee",kft,2025,-1.157,-0.246,-0.426,-0.144,-0.34,-6.55,0,,,,2025-12-27
7961,"Reavie, Chez",kft,2025,-1.162,-0.519,-0.222,-0.111,-0.31,-15.52,0.05,,,,2025-12-27
14050,"Sloan, Roger",kft,2025,-1.162,-0.549,-0.423,-0.061,-0.129,-10.52,0.02,,,,2025-12-27
14967,"Hadley, Chesson",kft,2025,-1.17,-0.102,-0.564,-0.339,-0.165,-0.52,0,,,,2025-12-27
9842,"Zanotti, Fabrizio",kft,2025,-1.179,-0.156,-0.266,-0.248,-0.509,-10.43,0.07,,,,2025-12-27
26562,"Besard, Matthis",kft,2025,-1.199,-0.101,-0.792,-0.169,-0.137,-1.05,0,,,,2025-12-27
12426,"Waring, Paul",kft,2025,-1.204,-0.179,-0.329,-0.262,-0.434,-0.87,-0.01,,,,2025-12-27
30428,"Masaveu, Luis",kft,2025,-1.214,-0.141,-0.647,-0.265,-0.162,7.77,-0.07,,,,2025-12-27
12213,"Hebert, Benjamin",kft,2025,-1.215,-0.447,-0.134,-0.146,-0.487,-10.42,0.02,,,,2025-12-27
13497,"Lee, K.H.",kft,2025,-1.222,-0.325,-0.556,-0.05,-0.291,-2.61,0,,,,2025-12-27
14209,"Kozuma, Jinichiro",kft,2025,-1.231,-0.625,-0.47,0.03,-0.167,-4.29,-0.04,,,,2025-12-27
13139,"Pulkkanen, Tapio",kft,2025,-1.234,-0.494,-0.818,0.033,0.046,-2.05,-0.06,,,,2025-12-27
27588,"Schott, Freddy",kft,2025,-1.249,-0.354,-0.582,-0.245,-0.068,4.88,-0.07,,,,2025-12-27
23112,"De Bruyn, Jannik",kft,2025,-1.253,-0.277,-0.558,-0.238,-0.181,-0.74,-0.02,,,,2025-12-27
17718,"Sordet, Clement",kft,2025,-1.254,-0.41,-0.812,0.018,-0.05,-1.02,-0.03,,,,2025-12-27
6950,"Siem, Marcel",kft,2025,-1.26,-0.038,-0.63,-0.176,-0.416,-2.52,0,,,,2025-12-27
23502,"Thornberry, Braden",kft,2025,-1.261,-0.615,-0.771,-0.017,0.142,-1.96,-0.07,,,,2025-12-27
14018,"Dantorp, Jens",kft,2025,-1.285,-0.521,-0.425,-0.361,0.022,-8.26,0,,,,2025-12-27
25213,"Wu, Brandon",kft,2025,-1.286,-0.913,-0.437,0.048,0.016,-10.99,-0.05,,,,2025-12-27
16433,"NeSmith, Matt",kft,2025,-1.299,-0.323,-0.6,-0.148,-0.229,-4.9,0.02,,,,2025-12-27
28276,"Jang, Yubin",kft,2025,-1.305,0.041,-0.403,-0.371,-0.572,7.04,-0.05,,,,2025-12-27
11955,"Frittelli, Dylan",kft,2025,-1.318,-0.501,-0.539,0.037,-0.314,1.54,-0.07,,,,2025-12-27
31212,"Chandler, Will",kft,2025,-1.325,-0.258,-0.71,-0.073,-0.284,-2.93,-0.01,,,,2025-12-27
14373,"Campbell, Ben",kft,2025,-1.326,-0.807,-0.612,-0.207,0.3,-21.21,0.04,,,,2025-12-27
12920,"Willett, Danny",kft,2025,-1.339,-0.606,-0.849,0.016,0.1,-7.24,-0.03,,,,2025-12-27
1435,"Poulter, Ian",kft,2025,-1.34,-0.654,-0.604,0.023,-0.104,-14.38,0.01,,,,2025-12-27
16497,"Dean, Joe",kft,2025,-1.351,-0.411,-0.658,-0.056,-0.226,1.33,-0.04,,,,2025-12-27
17081,"Sharma, Shubhankar",kft,2025,-1.351,-0.481,-0.51,-0.39,0.03,-9.79,0,,,,2025-12-27
25919,"Wolff, Matthew",kft,2025,-1.364,-0.154,-0.73,-0.22,-0.26,13.53,-0.08,,,,2025-12-27
12258,"Garcia Rodriguez, Sebastian",kft,2025,-1.364,-0.364,-0.616,-0.096,-0.288,-2.68,-0.03,,,,2025-12-27
20519,"Tarren, Callum",kft,2025,-1.365,-0.551,-0.511,-0.042,-0.262,1.06,-0.08,,,,2025-12-27
7679,"Aiken, Thomas",kft,2025,-1.373,-0.744,-0.432,-0.126,-0.072,-23.46,0.06,,,,2025-12-27
12909,"Campos, Rafael",kft,2025,-1.376,-0.333,-0.603,-0.222,-0.218,2.14,-0.05,,,,2025-12-27
11061,"Morrison, James",kft,2025,-1.377,-0.595,-0.785,0.008,-0.005,-18.88,0.05,,,,2025-12-27
8605,"Jones, Matt",kft,2025,-1.379,-0.595,-0.454,-0.164,-0.166,-1.59,-0.07,,,,2025-12-27
23892,"Gumberg, Jordan",kft,2025,-1.382,0.137,-0.709,-0.42,-0.389,-3.48,0.06,,,,2025-12-27
23549,"Celli, Filippo",kft,2025,-1.392,-0.25,-0.631,-0.315,-0.196,1.96,-0.03,,,,2025-12-27
23236,"Arnaus, Adri",kft,2025,-1.401,-0.579,-0.682,-0.262,0.123,-1.98,-0.06,,,,2025-12-27
21235,"Albertson, Anders",kft,2025,-1.414,-0.476,-0.617,-0.116,-0.205,-1.41,-0.05,,,,2025-12-27
13305,"Chappell, Kevin",kft,2025,-1.437,-0.552,-0.497,-0.116,-0.272,-2.79,-0.05,,,,2025-12-27
19635,"Cantero Gutierrez, Ivan",kft,2025,-1.448,-0.086,-0.996,-0.155,-0.211,12.11,-0.1,,,,2025-12-27
20780,"Kim, Minkyu",kft,2025,-1.448,-0.69,-0.65,0,-0.108,-9.65,-0.02,,,,2025-12-27
7452,"Na, Kevin",kft,2025,-1.453,-0.649,-0.453,-0.005,-0.346,-17.73,0.05,,,,2025-12-27
6893,"Colsaerts, Nicolas",kft,2025,-1.468,-0.308,-0.561,-0.269,-0.329,1.38,-0.04,,,,2025-12-27
6762,"Perez, Pat",kft,2025,-1.478,-0.821,-0.643,0.009,-0.023,-17.2,0.03,,,,2025-12-27
5754,"Fichardt, Darren",kft,2025,-1.489,-0.344,-0.689,-0.158,-0.297,-16.91,0.07,,,,2025-12-27
9133,"Larrazabal, Pablo",kft,2025,-1.497,-0.76,-0.716,0.049,-0.071,-10.8,-0.04,,,,2025-12-27
19455,"Pereira, Mito",kft,2025,-1.504,-0.557,-0.696,-0.217,-0.034,1.35,-0.08,,,,2025-12-27
18536,"McCormick, Ryan",kft,2025,-1.509,-0.52,-0.585,-0.205,-0.199,2.15,-0.06,,,,2025-12-27
25963,"Purcell, Conor",kft,2025,-1.512,-0.202,-0.592,-0.302,-0.416,-1.53,0,,,,2025-12-27
9396,"Fisher, Ross",kft,2025,-1.529,-0.33,-0.293,-0.281,-0.626,-0.4,-0.03,,,,2025-12-27
27420,"Dickson, Taylor",kft,2025,-1.533,-0.385,-0.681,-0.105,-0.362,-2.61,-0.01,,,,2025-12-27
11619,"Bjerregaard, Lucas",kft,2025,-1.556,-0.615,-0.709,0.03,-0.262,0.72,-0.07,,,,2025-12-27
7887,"Garcia-Heredia, Alfredo",kft,2025,-1.56,-0.231,-0.76,-0.38,-0.19,1.35,-0.05,,,,2025-12-27
20846,"Scalise, Lorenzo",kft,2025,-1.57,-0.422,-0.651,-0.223,-0.274,-6.41,0,,,,2025-12-27
16363,"Brun, Julien",kft,2025,-1.573,-0.997,-0.674,0.045,0.053,-12.38,-0.04,,,,2025-12-27
27870,"Coody, Parker",kft,2025,-1.637,-0.512,-0.538,-0.275,-0.313,4.25,-0.07,,,,2025-12-27
25138,"Long, Hurly",kft,2025,-1.655,-0.5,-0.857,-0.047,-0.252,-1.34,-0.05,,,,2025-12-27
6149,"Kjeldsen, Soren",kft,2025,-1.66,-0.934,-0.345,-0.077,-0.305,-28.01,0.07,,,,2025-12-27
11374,"Hahn, James",kft,2025,-1.67,-0.652,-0.753,-0.117,-0.148,-6.04,-0.03,,,,2025-12-27
12530,"Green, Gavin",kft,2025,-1.675,-0.66,-0.671,-0.362,0.018,-7.14,-0.03,,,,2025-12-27
4163,"Donald, Luke",kft,2025,-1.689,-1.212,-0.422,0.12,-0.175,-18.22,-0.02,,,,2025-12-27
19212,"Gale, Daniel",kft,2025,-1.698,-0.45,-0.624,-0.404,-0.22,6.42,-0.1,,,,2025-12-27
24562,"Knowles, Philip",kft,2025,-1.699,-0.501,-0.558,-0.126,-0.513,-6.79,0,,,,2025-12-27
32449,"Johnston, Ryggs",kft,2025,-1.725,-0.394,-0.963,-0.125,-0.243,5.4,-0.1,,,,2025-12-27
13344,"Baldwin, Matthew",kft,2025,-1.727,-0.315,-0.663,-0.338,-0.412,-8.88,0.01,,,,2025-12-27
17422,"Del Solar, Cristobal",kft,2025,-1.736,-0.834,-0.67,-0.14,-0.091,-0.18,-0.1,,,,2025-12-27
7820,"Palmer, Ryan",kft,2025,-1.749,-0.221,-0.832,-0.12,-0.576,-5.75,0,,,,2025-12-27
19806,"Forsstrom, Simon",kft,2025,-1.765,-0.493,-0.713,-0.338,-0.221,-6.71,-0.02,,,,2025-12-27
25263,"Onishi, Kaito",kft,2025,-1.769,-0.843,-0.687,-0.161,-0.078,-5.84,-0.05,,,,2025-12-27
19898,"Paul, Yannik",kft,2025,-1.77,-0.993,-0.891,-0.094,0.208,-8.36,-0.07,,,,2025-12-27
5716,"Harrington, Padraig",kft,2025,-1.774,-0.61,-0.457,-0.149,-0.557,-4.43,-0.03,,,,2025-12-27
15191,"Southgate, Matthew",kft,2025,-1.791,-0.18,-0.752,-0.403,-0.456,-5.23,0.03,,,,2025-12-27
14002,"Alexander, Tyson",kft,2025,-1.814,-0.888,-0.817,-0.043,-0.066,0.59,-0.1,,,,2025-12-27
19429,"Naidoo, Dylan",kft,2025,-1.833,-0.373,-0.925,-0.208,-0.327,-0.69,-0.04,,,,2025-12-27
26213,"Ko, Jeong Weon",kft,2025,-1.861,-0.701,-0.889,-0.134,-0.137,-2.92,-0.07,,,,2025-12-27
24657,"Friedrichsen, Sebastian",kft,2025,-1.862,-0.561,-0.788,-0.356,-0.157,-7.07,-0.01,,,,2025-12-27
12650,"Huizing, Daan",kft,2025,-1.874,-0.854,-0.886,-0.25,0.117,-11.97,-0.02,,,,2025-12-27
15016,"Schwab, Matthias",kft,2025,-1.907,-0.839,-0.776,0.058,-0.35,-13.65,0,,,,2025-12-27
11826,"Lee, Danny",kft,2025,-1.933,-0.769,-0.637,-0.231,-0.296,-10.79,0,,,,2025-12-27
19224,"Micheluzzi, David",kft,2025,-1.962,-0.74,-1.244,-0.051,0.073,-4.23,-0.05,,,,2025-12-27
11641,"Kim, Anthony",kft,2025,-1.996,-1.08,-0.67,-0.046,-0.2,-8.34,-0.1,,,,2025-12-27
31187,"Jin, Zihao",kft,2025,-2.009,-0.539,-1.038,-0.217,-0.214,-13.66,0.02,,,,2025-12-27
6252,"Baddeley, Aaron",kft,2025,-2.059,-1.357,-0.827,0.19,-0.065,-16.47,-0.06,,,,2025-12-27
10423,"Brehm, Ryan",kft,2025,-2.082,-0.204,-0.885,-0.409,-0.584,8.37,-0.07,,,,2025-12-27
11530,"Akesson, Bjorn",kft,2025,-2.087,-0.365,-1.232,-0.273,-0.216,2.09,-0.07,,,,2025-12-27
16563,"Lee, Chieh-Po",kft,2025,-2.094,-0.608,-0.881,-0.291,-0.314,-11.15,0.01,,,,2025-12-27
13821,"Whitnell, Dale",kft,2025,-2.127,-0.751,-0.725,-0.256,-0.395,-10.62,-0.03,,,,2025-12-27
24599,"Shaun, Corey",kft,2025,-2.135,-0.879,-1.056,-0.346,0.147,-16.22,0.01,,,,2025-12-27
27815,"Moscatel, Joel",kft,2025,-2.142,-0.186,-1.3,-0.519,-0.137,1.31,-0.02,,,,2025-12-27
20704,"Tarrio, Santiago",kft,2025,-2.21,-0.779,-0.751,-0.119,-0.561,-24.61,0.07,,,,2025-12-27
27960,"Van Velzen, Ryan",kft,2025,-2.21,-0.542,-0.988,-0.392,-0.288,-7.07,-0.03,,,,2025-12-27
23781,"Hanna, Chase",kft,2025,-2.236,-0.773,-1.216,-0.228,-0.019,-1.81,-0.06,,,,2025-12-27
8300,"Wilson, Oliver",kft,2025,-2.258,-0.874,-1.152,-0.094,-0.138,-5.88,-0.06,,,,2025-12-27
12425,"Todd, Brendon",kft,2025,-2.301,-1.261,-1.439,0.138,0.261,-20.93,0.01,,,,2025-12-27
10886,"Harding, Justin",kft,2025,-2.369,-1.05,-1.201,-0.103,-0.014,-9.89,-0.05,,,,2025-12-27
13731,"Strydom, Ockie",kft,2025,-2.397,-0.513,-1.07,-0.345,-0.468,-2.21,-0.05,,,,2025-12-27
7881,"Kang, Sung",kft,2025,-2.585,-1.036,-1.083,-0.192,-0.273,-10.79,-0.06,,,,2025-12-27
14120,"Samooja, Kalle",kft,2025,-2.601,-0.971,-0.928,-0.297,-0.406,-5.01,-0.05,,,,2025-12-27
12318,"Knappe, Alexander",kft,2025,-2.707,-0.544,-1.725,-0.392,-0.047,-0.18,-0.06,,,,2025-12-27
24660,"Kjettrup, Frederik",kft,2025,-2.798,-1.939,-0.498,-0.316,-0.045,-21.92,-0.07,,,,2025-12-27
12821,"De Jager, Louis",kft,2025,-2.863,-1.084,-1.266,-0.158,-0.356,3.33,-0.13,,,,2025-12-27
14409,"Wiebe, Gunner",kft,2025,-2.892,-0.939,-1.335,-0.315,-0.303,-9.62,-0.04,,,,2025-12-27
20900,"Pineau, Pierre",kft,2025,-3.441,-1.423,-1.968,0,-0.05,-10.44,-0.1,,,,2025-12-27
14706,"Swafford, Hudson",kft,2025,-3.604,-1.417,-1.235,-0.65,-0.302,-3.36,-0.1,,,,2025-12-27
15634,"Trainer, Martin",kft,2025,-3.727,-1.405,-1.97,-0.123,-0.228,-4.16,-0.12,,,,2025-12-27
18241,"Gavins, Daniel",kft,2025,-3.956,-2.043,-1.597,-0.167,-0.149,-11.23,-0.16,,,,2025-12-27
14799,"Barnes, Erik",kft,2025,-5.895,-2.72,-2.298,-0.329,-0.548,-9.39,-0.19,,,,2025-12-27